Borrower_ID,Borrower_Name,CIN,PAN,Sector,City,Risk_Profile,External_Rating,Sanctioned_Limit_Cr,Annual_Turnover_Cr,Total_Debt_Cr,TNW_Cr,Promoter_Holding_Pct,EWS-001_Value,EWS-001_Score,EWS-001_Critical,EWS-002_Value,EWS-002_Score,EWS-002_Critical,EWS-003_Value,EWS-003_Score,EWS-003_Critical,EWS-004_Value,EWS-004_Score,EWS-004_Critical,EWS-005_Value,EWS-005_Score,EWS-005_Critical,EWS-006_Value,EWS-006_Score,EWS-006_Critical,EWS-007_Value,EWS-007_Score,EWS-007_Critical,EWS-008_Value,EWS-008_Score,EWS-008_Critical,EWS-009_Value,EWS-009_Score,EWS-009_Critical,EWS-010_Value,EWS-010_Score,EWS-010_Critical,EWS-011_Value,EWS-011_Score,EWS-011_Critical,EWS-012_Value,EWS-012_Score,EWS-012_Critical,EWS-013_Value,EWS-013_Score,EWS-013_Critical,EWS-014_Value,EWS-014_Score,EWS-014_Critical,EWS-015_Value,EWS-015_Score,EWS-015_Critical,EWS-016_Value,EWS-016_Score,EWS-016_Critical,EWS-017_Value,EWS-017_Score,EWS-017_Critical,EWS-018_Value,EWS-018_Score,EWS-018_Critical,EWS-019_Value,EWS-019_Score,EWS-019_Critical,EWS-020_Value,EWS-020_Score,EWS-020_Critical,EWS-021_Value,EWS-021_Score,EWS-021_Critical,EWS-022_Value,EWS-022_Score,EWS-022_Critical,EWS-023_Value,EWS-023_Score,EWS-023_Critical,EWS-024_Value,EWS-024_Score,EWS-024_Critical,EWS-025_Value,EWS-025_Score,EWS-025_Critical,EWS-026_Value,EWS-026_Score,EWS-026_Critical,EWS-027_Value,EWS-027_Score,EWS-027_Critical,EWS-028_Value,EWS-028_Score,EWS-028_Critical,EWS-029_Value,EWS-029_Score,EWS-029_Critical,EWS-030_Value,EWS-030_Score,EWS-030_Critical,EWS-031_Value,EWS-031_Score,EWS-031_Critical,EWS-032_Value,EWS-032_Score,EWS-032_Critical,EWS-033_Value,EWS-033_Score,EWS-033_Critical,EWS-034_Value,EWS-034_Score,EWS-034_Critical,EWS-035_Value,EWS-035_Score,EWS-035_Critical,EWS-036_Value,EWS-036_Score,EWS-036_Critical,EWS-037_Value,EWS-037_Score,EWS-037_Critical,EWS-038_Value,EWS-038_Score,EWS-038_Critical,EWS-039_Value,EWS-039_Score,EWS-039_Critical,EWS-040_Value,EWS-040_Score,EWS-040_Critical,EWS-041_Value,EWS-041_Score,EWS-041_Critical,EWS-042_Value,EWS-042_Score,EWS-042_Critical,EWS-043_Value,EWS-043_Score,EWS-043_Critical,Overall_Normalized_Score,Critical_Indicator_Override,Critical_Combination_Override,Critical_Combination,Risk_Band,Final_Status
BORR-0001,"Choudhury, Bakshi and Maharaj",VXRCSNBALCGHQTARG850800,UWRNH8359S,Manufacturing,Chennai,Watch,A-,154.14,297.89,177.22,70.22,75.47,64.29,25,False,2,50,False,9.8,25,False,0,0,False,18.76,50,False,11.57,50,False,-6.89,0,False,4.91,50,False,20.32,50,False,21.33,50,False,21.63,50,False,27.64,50,False,12.49,0,False,23.59,50,False,6.7,25,False,1,25,False,0,0,False,0,0.0,False,-9.93,0,False,False,0,False,True,100,False,24.43,50,False,0.0,0,False,9.96,25,False,False,0,False,0,0,False,False,0,False,1,50,False,False,0,False,17.56,50,False,0,0.0,False,1,20.0,False,0,0,False,86.2,0,False,1,20.0,False,True,100,True,2,40.0,False,26.33,75,False,5.69,25,False,16.08,50,False,1.52,25,False,2.02,50,False,1.69,25,False,29.186046511627907,True,True,Stretched debtors + rising provisions,Yellow,Critical
BORR-0002,Kapoor and Sons,YKDCMDLLLTIZBXORD496922,CRJUT6925S,Trading,Bengaluru,Healthy,AA+,36.43,157.86,38.8,47.03,70.23,56.83,25,False,0,0,False,1.33,0,False,0,0,False,4.47,0,False,13.83,50,False,-1.67,0,False,-3.72,50,False,14.09,25,False,22.23,50,False,14.26,25,False,0.0,0,False,4.01,0,False,20.67,50,False,1.19,0,False,0,0,False,0,0,False,0,0.0,False,-4.94,0,False,False,0,False,False,0,False,18.36,50,False,3.9,0,False,0.51,0,False,False,0,False,0,0,False,False,0,False,0,0,False,False,0,False,0.0,0,False,0,0.0,False,0,0.0,False,0,0,False,76.75,0,False,0,0.0,False,False,0,False,0,0.0,False,15.22,50,False,5.05,25,False,0.0,0,False,2.07,0,False,1.51,25,False,1.74,25,False,10.465116279069768,False,False,,Green,Green
BORR-0003,"Chaudry, Chahal and Sami",MIOULFLLLGVIWVUCT765822,FRXHF8573M,Engineering,Chennai,Healthy,AAA,261.07,346.43,212.65,171.42,84.48,52.85,25,False,1,25,False,1.07,0,False,0,0,False,1.87,0,False,15.56,50,False,0.31,0,False,-1.06,25,False,10.26,25,False,4.38,0,False,2.11,0,False,12.09,25,False,15.99,0,False,3.35,0,False,1.83,0,False,0,0,False,0,0,False,1,25.0,False,-5.53,0,False,False,0,False,False,0,False,5.85,25,False,8.38,25,False,11.64,25,False,False,0,False,2,50,False,False,0,False,0,0,False,False,0,False,1.31,0,False,1,20.0,False,2,40.0,False,2,25,False,83.31,0,False,1,20.0,False,False,0,False,1,20.0,False,13.48,50,False,3.64,0,False,1.92,0,False,2.36,0,False,1.77,25,False,1.57,25,False,12.790697674418604,False,True,Stretched debtors + rising provisions,Green,Critical
BORR-0004,Balan Inc,HBZKMICGLSWKGUPMU581141,EIEHX9830I,Infrastructure,Vadodara,Watch,A-,277.38,831.33,234.24,219.06,64.23,60.27,25,False,0,0,False,12.79,50,False,2,75,False,21.18,50,False,5.5,25,False,-10.56,0,False,-6.98,75,False,29.91,50,False,9.78,25,False,20.43,50,False,27.17,50,False,27.13,0,False,11.67,25,False,14.03,50,False,2,25,False,0,0,False,1,25.0,False,-2.98,0,False,False,0,False,False,0,False,18.61,50,False,4.68,0,False,23.7,50,False,False,0,False,0,0,False,False,0,False,1,50,False,False,0,False,16.11,50,False,0,0.0,False,0,0.0,False,0,0,False,73.45,0,False,0,0.0,False,False,0,False,0,0.0,False,22.03,75,False,12.85,50,False,13.83,50,False,1.69,25,False,1.62,25,False,1.49,50,False,25.0,False,True,Stretched debtors + rising provisions,Yellow,Critical
BORR-0005,Kaul PLC,CYBDEUFZLVNTCMMTO654816,IRAVX2876V,Auto Components,Coimbatore,Stressed,BB,45.78,143.43,52.67,71.58,72.54,75.78,50,False,1,25,False,15.29,50,False,1,50,False,25.36,50,False,19.92,50,False,-16.18,0,False,-5.09,75,False,47.46,100,True,26.0,50,False,22.54,50,False,57.75,100,True,36.25,0,False,46.16,75,False,20.67,75,False,1,25,False,0,0,False,1,25.0,False,-11.37,0,False,False,0,False,False,0,False,35.2,75,False,14.75,50,False,25.06,50,False,True,100,False,1,25,False,False,0,False,1,50,False,False,0,False,29.98,75,False,5,100.0,False,2,40.0,False,4,25,False,52.18,0,False,4,80.0,False,False,0,False,1,20.0,False,31.65,100,False,16.3,50,False,20.14,75,False,1.53,25,False,3.04,75,False,1.24,50,False,44.53488372093023,True,True,Stretched debtors + rising provisions,Amber,Critical
BORR-0006,"Bala, Issac and Saini",XIQYFQDULJUQTGELY269396,RYQAT6310P,Pharmaceuticals,Mumbai,Watch,BBB,31.95,143.43,31.11,43.34,40.59,54.5,25,False,0,0,False,7.6,25,False,0,0,False,18.75,50,False,14.3,50,False,0.29,0,False,-4.46,50,False,13.32,25,False,14.19,25,False,30.38,75,False,20.94,50,False,28.82,0,False,17.7,50,False,21.15,75,False,1,25,False,0,0,False,0,0.0,False,-1.3,0,False,False,0,False,False,0,False,25.39,50,False,5.83,25,False,10.93,25,False,False,0,False,0,0,False,True,100,True,0,0,False,True,100,False,0.0,0,False,0,0.0,False,1,20.0,False,6,50,False,81.47,0,False,1,20.0,False,False,0,False,0,0.0,False,15.38,50,False,8.84,25,False,0.0,0,False,1.66,25,False,1.66,25,False,1.72,25,False,24.767441860465116,True,True,Stretched debtors + rising provisions,Yellow,Critical
BORR-0007,Sen PLC,CCXPCYRYLEEVPRFIQ736059,NGRYX4295W,Logistics,Chennai,Healthy,A+,513.22,879.38,557.58,205.61,54.95,54.33,25,False,0,0,False,0.0,0,False,0,0,False,6.7,25,False,9.78,25,False,-11.4,0,False,-0.19,25,False,2.51,0,False,-1.09,0,False,5.14,25,False,0.0,0,False,3.41,0,False,0.0,0,False,21.24,75,False,0,0,False,1,25,False,0,0.0,False,-3.57,0,False,False,0,False,False,0,False,8.44,25,False,2.9,0,False,12.11,25,False,False,0,False,0,0,False,False,0,False,0,0,False,False,0,False,10.48,50,False,0,0.0,False,0,0.0,False,1,25,False,91.47,0,False,0,0.0,False,False,0,False,0,0.0,False,4.63,0,False,7.88,25,False,7.7,25,False,2.59,0,False,1.79,25,False,1.82,25,False,10.465116279069768,False,False,,Green,Green
BORR-0008,Ahuja-Dutta,CKASRHSHLACWUBHCB446479,CQHIV8953G,Pharmaceuticals,Coimbatore,Watch,A-,138.73,390.5,161.22,129.32,41.62,57.72,25,False,1,25,False,3.22,0,False,0,0,False,1.81,0,False,3.69,0,False,-15.08,0,False,-4.35,50,False,12.94,25,False,14.0,25,False,21.28,50,False,32.69,75,False,20.97,0,False,7.26,25,False,12.48,50,False,1,25,False,1,25,False,0,0.0,False,-13.13,0,False,False,0,False,False,0,False,14.09,25,False,12.63,50,False,27.82,50,False,False,0,False,0,0,False,False,0,False,2,75,False,False,0,False,6.68,25,False,0,0.0,False,0,0.0,False,2,25,False,71.81,0,False,1,20.0,False,False,0,False,1,20.0,False,15.43,50,False,8.58,25,False,12.23,50,False,1.73,25,False,1.83,25,False,1.54,25,False,20.697674418604652,False,True,Stretched debtors + rising provisions,Yellow,Critical
BORR-0009,"Sami, Oak and Mall",GDDVNLNNLOXBVUUDB522179,XKZDH4139G,Power,Coimbatore,Stressed,BB,58.24,113.36,56.19,26.64,57.43,80.14,50,False,2,50,False,14.04,50,False,1,50,False,18.07,50,False,5.98,25,False,-30.89,0,False,-5.1,75,False,31.33,75,False,15.52,50,False,31.11,75,False,13.73,25,False,25.17,0,False,15.89,50,False,16.61,50,False,1,25,False,0,0,False,1,25.0,False,-16.01,0,False,False,0,False,False,0,False,35.99,75,False,17.8,50,False,30.8,75,False,False,0,False,2,50,False,False,0,False,2,75,False,False,0,False,23.07,75,False,1,20.0,False,2,40.0,False,4,25,False,57.78,0,False,0,0.0,False,False,0,False,0,0.0,False,25.91,75,False,17.72,50,False,24.72,75,False,0.78,100,True,3.06,75,False,1.24,50,False,38.02325581395349,True,True,Stretched debtors + rising provisions,Yellow,Critical
BORR-0010,Kale LLC,DBURACYHLFNPPGMBF497382,AMIZZ8454J,Chemicals,Ahmedabad,Healthy,A+,111.7,311.86,133.34,142.23,69.83,57.24,25,False,1,25,False,0.0,0,False,0,0,False,0.0,0,False,5.09,25,False,7.24,0,False,-0.55,25,False,5.0,0,False,11.89,25,False,-11.69,0,False,12.45,25,False,15.0,0,False,0.0,0,False,15.08,50,False,0,0,False,1,25,False,0,0.0,False,-2.84,0,False,False,0,False,False,0,False,10.24,25,False,1.7,0,False,1.13,0,False,False,0,False,0,0,False,False,0,False,1,50,False,False,0,False,15.19,50,False,1,20.0,False,1,20.0,False,1,25,False,85.26,0,False,0,0.0,False,False,0,False,1,20.0,False,12.18,50,False,0.39,0,False,11.19,50,False,2.25,0,False,1.57,25,False,2.12,0,False,13.023255813953488,False,False,,Green,Green
BORR-0011,Chanda Group,GBSXRBXKLBBSPQQFB632496,CFCTC4853M,Trading,Delhi,Watch,BBB+,48.38,114.04,55.14,45.78,82.08,58.63,25,False,0,0,False,0.78,0,False,2,75,False,19.98,50,False,8.72,25,False,-8.54,0,False,-5.05,75,False,35.32,75,False,13.28,25,False,14.88,25,False,28.57,50,False,19.46,0,False,18.24,50,False,6.57,25,False,1,25,False,0,0,False,3,75.0,False,-6.39,0,False,False,0,False,False,0,False,33.69,75,False,10.62,50,False,9.09,25,False,False,0,False,0,0,False,False,0,False,1,50,False,False,0,False,9.92,25,False,0,0.0,False,0,0.0,False,3,25,False,72.57,0,False,0,0.0,False,False,0,False,0,0.0,False,25.02,75,False,7.77,25,False,9.05,25,False,1.14,75,False,2.03,50,False,1.58,25,False,26.162790697674417,False,True,Stretched debtors + rising provisions,Yellow,Critical
BORR-0012,Parmer LLC,SQKIGVWKLHIMEVUJO431535,YCAOT2638C,Power,Coimbatore,Healthy,A+,58.21,113.78,57.65,41.73,45.66,55.98,25,False,0,0,False,0.0,0,False,1,50,False,11.77,25,False,1.0,0,False,-5.65,0,False,-1.2,25,False,8.02,25,False,-0.17,0,False,7.19,25,False,0.0,0,False,14.15,0,False,6.85,25,False,7.66,25,False,0,0,False,0,0,False,0,0.0,False,-7.31,0,False,False,0,False,False,0,False,9.53,25,False,2.73,0,False,18.78,50,False,False,0,False,0,0,False,False,0,False,0,0,False,False,0,False,13.54,50,False,0,0.0,False,0,0.0,False,3,25,False,72.88,0,False,0,0.0,False,False,0,False,0,0.0,False,13.52,50,False,11.36,50,False,10.26,50,False,1.75,25,False,1.29,25,False,1.91,25,False,13.953488372093023,False,True,Non-core repayment source + rising unsecured loans,Green,Critical
BORR-0013,"Lalla, Bassi and Sharaf",ORWJTZUQLAVRJVDEI221035,DXREI5616T,Pharmaceuticals,Bengaluru,Healthy,AA+,154.28,230.89,156.67,105.69,70.88,46.39,0,False,0,0,False,6.56,25,False,0,0,False,13.47,25,False,7.22,25,False,-7.03,0,False,1.12,25,False,-1.9,0,False,10.18,25,False,10.74,25,False,5.63,25,False,11.1,0,False,0.0,0,False,13.43,50,False,1,25,False,0,0,False,0,0.0,False,-4.67,0,False,False,0,False,False,0,False,1.22,0,False,7.03,25,False,0.0,0,False,False,0,False,0,0,False,False,0,False,0,0,False,False,0,False,16.72,50,False,0,0.0,False,1,20.0,False,0,0,False,83.06,0,False,1,20.0,False,False,0,False,0,0.0,False,14.77,50,False,15.78,50,False,9.95,25,False,1.85,25,False,1.32,25,False,1.64,25,False,13.13953488372093,False,False,,Green,Green
BORR-0014,"Dash, Radhakrishnan and Brar",CUNIBAKYLEUIFXORW548462,RADCW3442R,Renewable Energy,Mumbai,Healthy,AAA,30.62,50.0,33.09,16.34,76.73,53.0,25,False,0,0,False,3.98,0,False,0,0,False,0.0,0,False,15.03,50,False,0.52,0,False,-2.14,50,False,10.97,25,False,18.21,50,False,18.56,50,False,0.0,0,False,12.72,0,False,6.42,25,False,12.55,50,False,0,0,False,0,0,False,0,0.0,False,-1.16,0,False,False,0,False,False,0,False,5.37,25,False,4.93,0,False,1.83,0,False,False,0,False,0,0,False,False,0,False,0,0,False,False,0,False,0.0,0,False,0,0.0,False,0,0.0,False,1,25,False,76.49,0,False,0,0.0,False,False,0,False,1,20.0,False,11.06,50,False,0.0,0,False,5.72,25,False,1.84,25,False,0.94,0,False,1.98,25,False,12.093023255813954,False,False,,Green,Green
BORR-0015,"Memon, Pathak and Handa",LGVHVDLYLRNTXEHFZ950155,FNAFX6442Z,Textiles,Ahmedabad,Healthy,AAA,20.03,50.0,20.39,8.23,75.11,50.74,25,False,0,0,False,4.21,0,False,0,0,False,24.53,50,False,4.76,0,False,-15.41,0,False,-2.0,25,False,10.75,25,False,9.51,25,False,-2.7,0,False,21.12,50,False,0.0,0,False,19.44,50,False,0.0,0,False,0,0,False,1,25,False,1,25.0,False,-4.88,0,False,False,0,False,False,0,False,13.17,25,False,6.3,25,False,6.97,25,False,False,0,False,0,0,False,False,0,False,2,75,False,False,0,False,0.0,0,False,0,0.0,False,1,20.0,False,2,25,False,77.84,0,False,3,60.0,False,False,0,False,1,20.0,False,14.4,50,False,9.69,25,False,2.52,0,False,1.99,25,False,1.31,25,False,1.77,25,False,16.86046511627907,False,True,Stretched debtors + rising provisions,Green,Critical
BORR-0016,"Boase, Bath and Kari",BPHGOLJZLHHAVGMKI172792,YILUQ7548V,Trading,Gurugram,Stressed,BB,35.53,103.31,30.88,21.25,61.81,75.95,50,False,0,0,False,7.79,25,False,1,50,False,35.93,75,False,17.06,50,False,-33.01,0,False,-6.5,75,False,37.6,75,False,29.69,50,False,28.26,50,False,17.63,50,False,30.87,0,False,35.13,75,False,21.85,75,False,3,50,False,1,25,False,4,100.0,True,-8.35,0,False,False,0,False,True,100,False,36.39,75,False,11.9,50,False,20.39,50,False,False,0,False,1,25,False,True,100,True,1,50,False,True,100,False,18.03,50,False,1,20.0,False,0,0.0,False,8,50,False,61.92,0,False,1,20.0,False,False,0,False,3,60.0,False,16.72,50,False,12.35,50,False,14.36,50,False,1.11,75,False,2.76,50,False,1.46,50,False,45.348837209302324,True,True,Stretched debtors + rising provisions,Amber,Critical
BORR-0017,Buch-Kaul,BDTNLXZKLNTQDMSGI146542,WNAQZ9821V,Steel,Vadodara,Stressed,BB,48.54,65.84,44.52,15.89,82.01,84.6,50,False,1,25,False,10.15,50,False,1,50,False,26.53,50,False,7.42,25,False,-8.67,0,False,-1.61,25,False,24.35,50,False,19.65,50,False,28.29,50,False,38.68,75,False,31.51,0,False,48.1,75,False,20.17,75,False,1,25,False,2,25,False,0,0.0,False,-20.24,0,False,False,0,False,False,0,False,36.41,75,False,15.12,50,False,22.38,50,False,False,0,False,2,50,False,False,0,False,1,50,False,False,0,False,25.68,75,False,1,20.0,False,5,100.0,False,8,50,False,59.91,0,False,1,20.0,False,False,0,False,0,0.0,False,22.6,75,False,17.09,50,False,20.75,75,False,1.18,75,False,2.95,50,False,1.41,50,False,37.55813953488372,False,True,Stretched debtors + rising provisions,Yellow,Critical
BORR-0018,Rai LLC,TKVDXJQJLVNKMWJRE301158,NVMVX3851T,Engineering,Jaipur,Watch,BBB+,103.56,248.2,91.47,43.31,50.05,55.05,25,False,2,50,False,10.23,50,False,1,50,False,33.18,75,False,10.25,50,False,0.54,0,False,-2.99,50,False,17.98,50,False,17.11,50,False,15.49,50,False,13.92,25,False,16.95,0,False,26.74,50,False,4.8,0,False,0,0,False,1,25,False,1,25.0,False,-6.91,0,False,False,0,False,False,0,False,18.37,50,False,7.34,25,False,0.0,0,False,False,0,False,2,50,False,False,0,False,0,0,False,False,0,False,3.06,0,False,2,40.0,False,0,0.0,False,4,25,False,73.36,0,False,0,0.0,False,False,0,False,1,20.0,False,3.3,0,False,17.3,50,False,16.36,50,False,1.63,25,False,1.84,25,False,1.51,25,False,23.488372093023255,False,True,Stretched debtors + rising provisions,Yellow,Critical
BORR-0019,Patla-Gaba,UKOOOVGQLPZZXFVCJ640490,VUTKC4848V,Manufacturing,Chennai,Healthy,A+,28.98,73.11,24.3,16.34,46.23,52.87,25,False,0,0,False,1.85,0,False,1,50,False,10.25,25,False,7.28,25,False,-0.51,0,False,-0.3,25,False,11.89,25,False,15.88,50,False,7.57,25,False,18.36,50,False,7.46,0,False,22.4,50,False,1.43,0,False,0,0,False,0,0,False,0,0.0,False,5.25,0,False,False,0,False,False,0,False,1.04,0,False,6.82,25,False,2.74,0,False,False,0,False,0,0,False,False,0,False,0,0,False,False,0,False,11.97,50,False,0,0.0,False,0,0.0,False,1,25,False,88.37,0,False,1,20.0,False,False,0,False,0,0.0,False,0.0,0,False,0.17,0,False,5.45,25,False,1.97,25,False,1.1,25,False,2.06,0,False,12.674418604651162,False,True,Stretched debtors + rising provisions,Green,Critical
BORR-0020,Pant-Kadakia,ONUSGWWMLPMHEUWAY907451,DYNHF9486O,Manufacturing,Mumbai,Healthy,AAA,9.83,50.0,8.89,24.72,62.87,56.89,25,False,0,0,False,0.0,0,False,0,0,False,7.58,25,False,0.0,0,False,-6.47,0,False,2.4,50,False,11.88,25,False,0.68,0,False,10.58,25,False,26.99,50,False,16.34,0,False,8.6,25,False,1.65,0,False,0,0,False,1,25,False,1,25.0,False,-3.18,0,False,False,0,False,False,0,False,13.75,25,False,3.01,0,False,17.38,50,False,False,0,False,0,0,False,False,0,False,0,0,False,False,0,False,3.44,0,False,0,0.0,False,0,0.0,False,0,0,False,84.27,0,False,1,20.0,False,False,0,False,1,20.0,False,10.42,50,False,2.13,0,False,5.6,25,False,2.4,0,False,1.97,25,False,1.9,25,False,11.976744186046512,False,True,Stretched debtors + rising provisions,Green,Critical
BORR-0021,"Loke, Bora and Garg",YOTXQNROLFXPOIYHU390782,YYQPU4919I,Steel,Kolkata,Stressed,BB,377.25,784.97,332.73,337.93,38.87,77.69,50,False,1,25,False,13.6,50,False,0,0,False,34.3,75,False,14.45,50,False,-12.97,0,False,-3.45,50,False,14.34,25,False,15.54,50,False,13.51,25,False,59.52,100,True,24.83,0,False,45.81,75,False,9.25,25,False,2,25,False,3,50,False,2,50.0,False,-19.11,0,False,False,0,False,False,0,False,40.62,75,False,12.54,50,False,10.12,25,False,False,0,False,2,50,False,False,0,False,1,50,False,False,0,False,17.93,50,False,0,0.0,False,2,40.0,False,6,50,False,50.27,0,False,2,40.0,False,False,0,False,2,40.0,False,23.41,75,False,19.24,50,False,25.89,75,False,1.47,50,False,2.92,50,False,1.34,50,False,35.93023255813954,True,True,Stretched debtors + rising provisions,Yellow,Critical
BORR-0022,"Konda, Gade and Shere",HMWEWGCNLNKRONBGN508396,YSWAY7232P,Chemicals,Mumbai,Healthy,AA+,42.72,144.64,50.84,66.9,82.14,58.99,25,False,1,25,False,1.37,0,False,0,0,False,2.43,0,False,8.64,25,False,-4.14,0,False,0.27,25,False,6.1,25,False,5.88,25,False,-9.99,0,False,20.95,50,False,11.28,0,False,17.98,50,False,0.0,0,False,0,0,False,0,0,False,0,0.0,False,-8.44,0,False,False,0,False,False,0,False,12.22,25,False,5.38,25,False,2.62,0,False,False,0,False,0,0,False,False,0,False,1,50,False,False,0,False,11.19,50,False,1,20.0,False,0,0.0,False,3,25,False,85.73,0,False,1,20.0,False,False,0,False,0,0.0,False,11.29,50,False,0.0,0,False,15.96,50,False,1.75,25,False,1.54,25,False,1.72,25,False,14.883720930232558,False,True,Stretched debtors + rising provisions,Green,Critical
BORR-0023,Madan-Kanda,XRZTHPHILNPAMKVVZ523956,XFOET9751A,Auto Components,Ahmedabad,Healthy,A,129.62,193.94,128.4,93.81,64.59,52.18,25,False,2,50,False,4.64,0,False,0,0,False,5.11,25,False,9.82,25,False,3.83,0,False,-3.66,50,False,11.53,25,False,10.86,25,False,3.62,0,False,26.7,50,False,6.94,0,False,9.26,25,False,5.2,25,False,0,0,False,0,0,False,0,0.0,False,-3.67,0,False,False,0,False,False,0,False,4.57,0,False,11.76,50,False,0.0,0,False,False,0,False,0,0,False,False,0,False,0,0,False,False,0,False,3.85,0,False,0,0.0,False,0,0.0,False,2,25,False,88.16,0,False,0,0.0,False,False,0,False,0,0.0,False,4.06,0,False,0.0,0,False,0.0,0,False,2.18,0,False,2.18,50,False,2.04,0,False,10.465116279069768,False,True,Stretched debtors + rising provisions,Green,Critical
BORR-0024,"Nair, Bhalla and Karnik",IMKGOKKYLMIYNICPA885408,RBLHU2124Y,Steel,Surat,Watch,A-,27.61,50.0,26.78,9.87,37.01,65.32,25,False,3,75,False,10.79,50,False,0,0,False,16.71,50,False,8.06,25,False,-6.63,0,False,-2.87,50,False,8.15,25,False,5.29,25,False,6.13,25,False,31.64,75,False,9.85,0,False,0.0,0,False,15.48,50,False,1,25,False,0,0,False,0,0.0,False,-9.42,0,False,False,0,False,True,100,False,20.2,50,False,3.15,0,False,17.63,50,False,False,0,False,1,25,False,False,0,False,0,0,False,False,0,False,0.79,0,False,1,20.0,False,1,20.0,False,0,0,False,76.45,0,False,2,40.0,False,True,100,True,2,40.0,False,16.25,50,False,2.52,0,False,17.93,50,False,1.61,25,False,1.97,25,False,1.73,25,False,26.046511627906977,True,True,Stretched debtors + rising provisions,Yellow,Critical
BORR-0025,Mutti Group,PVDSGOWILYLFTTXWD915573,FJDSA6111S,Engineering,Surat,Healthy,AA+,24.85,105.17,28.36,16.53,80.4,56.24,25,False,0,0,False,0.0,0,False,1,50,False,1.36,0,False,6.39,25,False,-10.35,0,False,3.09,50,False,-2.75,0,False,7.73,25,False,11.07,25,False,14.67,25,False,6.63,0,False,6.7,25,False,6.83,25,False,0,0,False,0,0,False,0,0.0,False,-4.49,0,False,False,0,False,False,0,False,16.3,50,False,0.0,0,False,9.86,25,False,False,0,False,0,0,False,False,0,False,0,0,False,False,0,False,5.74,25,False,0,0.0,False,0,0.0,False,3,25,False,84.76,0,False,0,0.0,False,False,0,False,0,0.0,False,2.49,0,False,0.0,0,False,1.3,0,False,1.86,25,False,1.39,25,False,1.72,25,False,11.046511627906977,False,True,Payment defaults + stretched creditors,Green,Critical
BORR-0026,Bhatti-Kakar,DWYJVTZDLZSZBLRNV488571,CQUKA7882P,Construction,Delhi,Healthy,AA+,66.21,202.54,54.48,72.35,56.68,52.67,25,False,1,25,False,8.16,25,False,0,0,False,8.2,25,False,0.0,0,False,-1.88,0,False,1.26,25,False,-2.93,0,False,18.63,50,False,9.35,25,False,0.69,0,False,7.76,0,False,13.58,25,False,7.07,25,False,0,0,False,0,0,False,0,0.0,False,-8.32,0,False,False,0,False,False,0,False,9.41,25,False,11.92,50,False,5.2,25,False,False,0,False,0,0,False,False,0,False,0,0,False,False,0,False,2.41,0,False,0,0.0,False,2,40.0,False,2,25,False,76.21,0,False,0,0.0,False,False,0,False,1,20.0,False,10.28,50,False,7.91,25,False,0.0,0,False,1.8,25,False,1.24,25,False,1.8,25,False,13.604651162790697,False,True,Non-core repayment source + rising unsecured loans,Green,Critical
BORR-0027,"Murty, Kala and Tata",UITZRYPOLNXSIKHCI572700,HYOST7209K,Logistics,Mumbai,Healthy,A+,21.68,57.34,24.42,11.67,59.72,52.94,25,False,0,0,False,6.54,25,False,0,0,False,26.11,50,False,0.0,0,False,1.35,0,False,-1.14,25,False,8.76,25,False,5.24,25,False,2.92,0,False,15.3,50,False,4.41,0,False,19.66,50,False,10.76,50,False,0,0,False,0,0,False,0,0.0,False,-0.75,0,False,False,0,False,False,0,False,11.68,25,False,0.0,0,False,7.71,25,False,False,0,False,0,0,False,False,0,False,1,50,False,False,0,False,5.69,25,False,2,40.0,False,0,0.0,False,1,25,False,70.62,0,False,0,0.0,False,False,0,False,0,0.0,False,6.98,25,False,7.54,25,False,6.09,25,False,1.61,25,False,1.26,25,False,1.4,50,False,16.046511627906977,False,True,Stretched debtors + rising provisions,Green,Critical
BORR-0028,Shanker-Dhar,WIRAQGCHLXNPRYHWP777278,WPOZA2524J,Food Processing,Bengaluru,Healthy,A+,71.0,263.93,73.18,113.29,55.22,53.97,25,False,0,0,False,0.0,0,False,0,0,False,12.5,25,False,0.17,0,False,-1.58,0,False,-2.58,50,False,6.25,25,False,0.74,0,False,2.71,0,False,4.91,0,False,2.07,0,False,11.02,25,False,1.79,0,False,0,0,False,0,0,False,2,50.0,False,1.0,0,False,False,0,False,False,0,False,1.58,0,False,0.0,0,False,14.51,25,False,False,0,False,0,0,False,False,0,False,1,50,False,False,0,False,2.58,0,False,0,0.0,False,1,20.0,False,1,25,False,77.39,0,False,0,0.0,False,False,0,False,0,0.0,False,2.4,0,False,6.96,25,False,0.0,0,False,2.01,0,False,1.45,25,False,1.92,25,False,9.186046511627907,False,True,Non-core repayment source + rising unsecured loans,Green,Critical
BORR-0029,Dewan-Koshy,XRKLWOIJLIHDXGKDX661894,YWFGG8933I,Renewable Energy,Vadodara,Healthy,AA-,52.85,99.42,49.6,31.38,64.48,53.1,25,False,0,0,False,0.0,0,False,1,50,False,0.0,0,False,4.8,0,False,3.68,0,False,-2.93,50,False,-11.67,0,False,1.69,0,False,-1.0,0,False,0.0,0,False,10.74,0,False,10.07,25,False,15.07,50,False,0,0,False,0,0,False,1,25.0,False,-9.35,0,False,False,0,False,False,0,False,8.56,25,False,8.61,25,False,18.08,50,False,False,0,False,1,25,False,False,0,False,0,0,False,False,0,False,13.34,50,False,0,0.0,False,0,0.0,False,0,0,False,83.69,0,False,0,0.0,False,False,0,False,0,0.0,False,19.42,50,False,6.18,25,False,2.91,0,False,1.81,25,False,1.84,25,False,1.69,25,False,12.790697674418604,False,False,,Green,Green
BORR-0030,"Yohannan, Lall and Sangha",LFJAWREILBBRJWEUY614723,DASJP8843O,Power,Hyderabad,Watch,A-,38.85,135.41,43.3,25.08,44.22,55.86,25,False,2,50,False,12.93,50,False,0,0,False,20.54,50,False,12.04,50,False,-1.32,0,False,-5.31,75,False,11.73,25,False,14.5,25,False,6.6,25,False,27.52,50,False,25.97,0,False,10.17,25,False,12.79,50,False,2,25,False,2,25,False,2,50.0,False,-10.57,0,False,False,0,False,False,0,False,16.8,50,False,2.78,0,False,0.0,0,False,False,0,False,0,0,False,False,0,False,2,75,False,False,0,False,9.37,25,False,2,40.0,False,4,80.0,False,6,50,False,72.87,0,False,3,60.0,False,False,0,False,0,0.0,False,15.5,50,False,5.74,25,False,7.45,25,False,1.79,25,False,2.42,50,False,1.62,25,False,27.441860465116278,False,True,Stretched debtors + rising provisions,Yellow,Critical
BORR-0031,"Rastogi, Pathak and Kanda",SUVBEEZSLJCHDRYNT725084,ZTHYQ7232O,Logistics,Kolkata,Healthy,AAA,43.38,99.31,43.36,43.47,49.87,54.04,25,False,0,0,False,11.51,50,False,0,0,False,12.2,25,False,0.0,0,False,0.77,0,False,-0.44,25,False,17.07,50,False,10.64,25,False,4.89,0,False,0.0,0,False,6.42,0,False,0.0,0,False,2.15,0,False,0,0,False,0,0,False,0,0.0,False,-0.81,0,False,False,0,False,False,0,False,6.43,25,False,0.0,0,False,9.58,25,False,False,0,False,0,0,False,False,0,False,1,50,False,False,0,False,14.84,50,False,1,20.0,False,1,20.0,False,1,25,False,86.86,0,False,1,20.0,False,False,0,False,0,0.0,False,3.7,0,False,7.95,25,False,7.87,25,False,1.64,25,False,1.89,25,False,2.09,0,False,12.44186046511628,False,False,,Green,Green
BORR-0032,Upadhyay Group,DYGUGIVCLFHFRCFAN572387,WTPJB4792J,Auto Components,Vadodara,Healthy,A,425.4,1155.49,385.04,424.48,49.14,48.75,0,False,0,0,False,0.0,0,False,1,50,False,18.3,50,False,2.24,0,False,13.41,0,False,-2.33,50,False,8.23,25,False,17.59,50,False,22.05,50,False,35.27,75,False,18.82,0,False,18.24,50,False,10.94,50,False,0,0,False,1,25,False,0,0.0,False,-4.6,0,False,False,0,False,False,0,False,6.73,25,False,7.48,25,False,14.66,25,False,False,0,False,1,25,False,False,0,False,0,0,False,False,0,False,3.05,0,False,0,0.0,False,0,0.0,False,0,0,False,78.82,0,False,0,0.0,False,False,0,False,0,0.0,False,0.0,0,False,14.27,50,False,13.38,50,False,2.09,0,False,1.38,25,False,1.69,25,False,16.86046511627907,False,True,Stretched debtors + rising provisions,Green,Critical
BORR-0033,Batta Inc,NDRHUEIELCBFZJTXS402630,ODOWJ7594I,Steel,Coimbatore,Stressed,BBB-,120.09,178.84,100.59,84.66,62.0,75.64,50,False,2,50,False,18.44,50,False,1,50,False,20.13,50,False,18.86,50,False,-32.77,0,False,-4.86,50,False,37.51,75,False,21.19,50,False,23.05,50,False,39.52,75,False,24.07,0,False,41.9,75,False,13.16,50,False,0,0,False,2,25,False,2,50.0,False,-16.51,0,False,False,0,False,False,0,False,34.01,75,False,15.51,50,False,28.25,50,False,True,100,False,1,25,False,False,0,False,0,0,False,False,0,False,25.92,75,False,1,20.0,False,0,0.0,False,6,50,False,58.12,0,False,0,0.0,False,False,0,False,1,20.0,False,21.39,75,False,2.88,0,False,23.78,75,False,1.37,50,False,2.87,50,False,1.3,50,False,36.395348837209305,False,True,Stretched debtors + rising provisions,Yellow,Critical
BORR-0034,Dutta Ltd,ACHVSSAYLVISBYYFP644173,UOIFS8141U,Power,Gurugram,Healthy,AA,10.52,62.95,10.95,18.96,59.59,55.08,25,False,1,25,False,0.0,0,False,0,0,False,2.62,0,False,0.0,0,False,-0.53,0,False,-3.87,50,False,26.07,50,False,5.89,25,False,8.78,25,False,0.0,0,False,5.49,0,False,3.73,0,False,2.44,0,False,0,0,False,1,25,False,0,0.0,False,-5.23,0,False,False,0,False,False,0,False,9.76,25,False,5.9,25,False,21.09,50,False,False,0,False,0,0,False,False,0,False,0,0,False,False,0,False,0.0,0,False,2,40.0,False,0,0.0,False,1,25,False,82.96,0,False,0,0.0,False,False,0,False,0,0.0,False,16.98,50,False,5.29,25,False,1.7,0,False,1.96,25,False,1.26,25,False,1.93,25,False,12.55813953488372,False,False,,Green,Green
BORR-0035,Bhatt-Rajan,KNWPJVMYLRBOCKIKD910075,MQAVR8569N,Pharmaceuticals,Mumbai,Healthy,AA+,138.92,412.63,162.99,108.26,44.38,48.95,0,False,0,0,False,0.45,0,False,1,50,False,10.08,25,False,3.74,0,False,-6.54,0,False,-4.33,50,False,13.81,25,False,4.63,0,False,4.56,0,False,49.41,75,False,10.86,0,False,0.48,0,False,3.3,0,False,2,25,False,0,0,False,0,0.0,False,1.99,0,False,False,0,False,False,0,False,10.81,25,False,10.84,50,False,16.41,50,False,False,0,False,0,0,False,False,0,False,1,50,False,False,0,False,9.1,25,False,0,0.0,False,0,0.0,False,1,25,False,81.58,0,False,0,0.0,False,False,0,False,1,20.0,False,3.47,0,False,4.0,0,False,0.0,0,False,1.83,25,False,1.51,25,False,1.86,25,False,13.255813953488373,False,True,Stretched debtors + rising provisions,Green,Critical
BORR-0036,Sidhu-Wadhwa,REJOWPDALUTZHWFJR114338,RNCHD8560D,Trading,Surat,Healthy,AA,19.83,53.47,24.01,16.29,76.61,53.71,25,False,0,0,False,2.6,0,False,1,50,False,11.21,25,False,0.0,0,False,-1.5,0,False,-1.57,25,False,14.64,25,False,14.75,25,False,26.72,50,False,16.75,50,False,11.1,0,False,9.94,25,False,3.85,0,False,0,0,False,1,25,False,0,0.0,False,-8.78,0,False,False,0,False,False,0,False,14.7,25,False,10.59,50,False,6.61,25,False,False,0,False,0,0,False,False,0,False,0,0,False,False,0,False,13.86,50,False,0,0.0,False,0,0.0,False,2,25,False,83.14,0,False,0,0.0,False,False,0,False,0,0.0,False,1.53,0,False,0.0,0,False,10.52,50,False,2.23,0,False,0.99,0,False,2.02,0,False,12.790697674418604,False,True,Stretched debtors + rising provisions,Green,Critical
BORR-0037,Apte-Contractor,PHOREMGTLQXECIYZN456385,ZQIAJ5891S,Construction,Jaipur,Healthy,AA-,73.19,223.38,72.62,88.66,84.95,51.98,25,False,1,25,False,9.13,25,False,0,0,False,0.0,0,False,10.94,50,False,-7.75,0,False,-0.8,25,False,9.02,25,False,3.18,0,False,10.69,25,False,3.56,0,False,15.87,0,False,0.0,0,False,7.45,25,False,0,0,False,0,0,False,0,0.0,False,5.94,0,False,False,0,False,False,0,False,14.14,25,False,0.0,0,False,12.93,25,False,False,0,False,0,0,False,False,0,False,0,0,False,False,0,False,9.92,25,False,1,20.0,False,0,0.0,False,0,0,False,74.73,0,False,1,20.0,False,False,0,False,0,0.0,False,0.0,0,False,2.32,0,False,5.18,25,False,2.04,0,False,1.51,25,False,1.94,25,False,9.651162790697674,False,False,,Green,Green
BORR-0038,"Yadav, Loke and Oak",MOKGWHSMLHYNBKXPW950823,MMVZU3492P,Textiles,Mumbai,Healthy,A+,20.19,50.0,20.9,15.98,41.31,50.32,25,False,0,0,False,3.98,0,False,1,50,False,10.02,25,False,9.44,25,False,-8.19,0,False,0.12,25,False,3.66,0,False,7.97,25,False,0.83,0,False,0.0,0,False,9.05,0,False,0.0,0,False,4.28,0,False,0,0,False,0,0,False,0,0.0,False,1.0,0,False,False,0,False,False,0,False,17.55,50,False,3.48,0,False,6.23,25,False,False,0,False,1,25,False,False,0,False,0,0,False,False,0,False,1.16,0,False,1,20.0,False,0,0.0,False,0,0,False,83.43,0,False,1,20.0,False,False,0,False,1,20.0,False,11.4,50,False,18.44,50,False,0.0,0,False,1.84,25,False,1.89,25,False,1.78,25,False,11.86046511627907,False,False,,Green,Green
BORR-0039,Memon Group,AXENUECPLZIKTWMUC993140,KVRMK8994R,Pharmaceuticals,Mumbai,Stressed,BB,34.27,50.0,33.59,22.8,65.87,81.93,50,False,3,75,False,14.15,50,False,1,50,False,16.3,50,False,15.15,50,False,-21.3,0,False,-10.01,100,False,32.64,75,False,23.9,50,False,37.83,75,False,42.14,75,False,45.8,0,False,29.07,50,False,20.71,75,False,1,25,False,0,0,False,0,0.0,False,-17.17,0,False,False,0,False,False,0,False,37.9,75,False,3.66,0,False,25.89,50,False,False,0,False,1,25,False,False,0,False,1,50,False,False,0,False,10.5,50,False,0,0.0,False,0,0.0,False,1,25,False,66.17,0,False,2,40.0,False,False,0,False,2,40.0,False,17.17,50,False,10.57,50,False,19.93,50,False,1.25,50,False,2.3,50,False,1.28,50,False,35.0,False,True,Stretched debtors + rising provisions,Yellow,Critical
BORR-0040,Setty Inc,DYUWDOFWLJABKZBJL493049,NEHQN3950F,Renewable Energy,Pune,Healthy,AA-,181.95,220.71,155.06,110.16,38.95,57.88,25,False,2,50,False,0.0,0,False,0,0,False,0.0,0,False,9.16,25,False,-5.77,0,False,0.34,25,False,19.0,50,False,12.62,25,False,1.66,0,False,11.31,25,False,2.87,0,False,0.92,0,False,9.07,25,False,0,0,False,0,0,False,0,0.0,False,-4.81,0,False,False,0,False,False,0,False,4.06,0,False,3.34,0,False,8.08,25,False,False,0,False,0,0,False,False,0,False,0,0,False,False,0,False,6.8,25,False,0,0.0,False,0,0.0,False,1,25,False,85.46,0,False,0,0.0,False,False,0,False,1,20.0,False,9.36,25,False,8.18,25,False,6.11,25,False,1.83,25,False,0.94,0,False,1.74,25,False,10.930232558139535,False,True,Stretched debtors + rising provisions,Green,Critical
BORR-0041,"Lall, Tella and Gokhale",OUIOIVAZLOJVRFCOL716113,JUNWI8484J,Power,Bengaluru,Stressed,BBB-,231.84,379.35,212.39,122.98,84.97,90.89,75,False,0,0,False,10.57,50,False,0,0,False,7.61,25,False,18.66,50,False,-13.51,0,False,-2.63,50,False,33.02,75,False,29.51,50,False,40.72,75,False,25.18,50,False,17.49,0,False,17.05,50,False,19.51,50,False,4,50,False,1,25,False,0,0.0,False,-9.08,0,False,False,0,False,False,0,False,46.93,75,False,17.9,50,False,15.1,50,False,False,0,False,0,0,False,True,100,True,1,50,False,False,0,False,27.51,75,False,2,40.0,False,0,0.0,False,4,25,False,66.3,0,False,1,20.0,False,False,0,False,0,0.0,False,12.62,50,False,14.87,50,False,20.0,50,False,1.06,75,False,3.08,75,False,1.21,50,False,35.116279069767444,True,True,Stretched debtors + rising provisions,Yellow,Critical
BORR-0042,"Cherian, Misra and Tripathi",AVMIASVYLXBTXPJYZ341296,TZLHU4115T,Steel,Chennai,Stressed,BB,68.39,215.16,62.9,75.34,68.89,77.43,50,False,3,75,False,12.56,50,False,0,0,False,21.51,50,False,5.98,25,False,-21.98,0,False,-5.39,75,False,31.08,75,False,24.67,50,False,33.23,75,False,15.25,50,False,12.75,0,False,33.29,75,False,6.21,25,False,0,0,False,2,25,False,1,25.0,False,-21.57,0,False,False,0,False,False,0,False,34.63,75,False,7.69,25,False,16.01,50,False,False,0,False,2,50,False,False,0,False,1,50,False,False,0,False,31.21,100,False,1,20.0,False,4,80.0,False,2,25,False,56.15,0,False,1,20.0,False,True,100,True,0,0.0,False,23.49,75,False,23.85,75,False,15.99,50,False,1.28,50,False,2.75,50,False,1.42,50,False,38.83720930232558,True,True,Stretched debtors + rising provisions,Yellow,Critical
BORR-0043,"Issac, Dua and Prakash",UBJZOBSLLXECJKXNF310548,EZRLQ9221I,Renewable Energy,Gurugram,Watch,BBB,76.53,161.48,90.19,31.95,43.23,61.88,25,False,3,75,False,1.14,0,False,0,0,False,6.32,25,False,5.73,25,False,-14.67,0,False,-0.05,25,False,-1.34,0,False,37.35,75,False,22.45,50,False,22.29,50,False,14.77,0,False,18.86,50,False,16.41,50,False,2,25,False,0,0,False,1,25.0,False,-5.52,0,False,False,0,False,False,0,False,23.97,50,False,0.0,0,False,18.42,50,False,False,0,False,0,0,False,False,0,False,0,0,False,False,0,False,11.97,50,False,2,40.0,False,0,0.0,False,3,25,False,79.02,0,False,0,0.0,False,False,0,False,0,0.0,False,16.35,50,False,12.63,50,False,13.98,50,False,1.55,25,False,2.18,50,False,1.74,25,False,22.441860465116278,False,True,Non-core repayment source + rising unsecured loans,Yellow,Critical
BORR-0044,Zacharia PLC,OCEYHVXVLMZRLCZMA377304,RDOLV5295S,Food Processing,Ahmedabad,Stressed,BBB-,121.03,134.14,97.98,33.98,76.12,81.27,50,False,4,100,False,8.9,25,False,1,50,False,24.54,50,False,14.04,50,False,-23.34,0,False,-4.99,50,False,28.17,50,False,22.99,50,False,30.87,75,False,28.71,50,False,23.83,0,False,42.55,75,False,21.52,75,False,1,25,False,0,0,False,1,25.0,False,-20.1,0,False,True,100,False,False,0,False,34.3,75,False,18.15,50,False,21.05,50,False,False,0,False,1,25,False,False,0,False,0,0,False,False,0,False,18.74,50,False,1,20.0,False,1,20.0,False,5,25,False,60.87,0,False,1,20.0,False,False,0,False,3,60.0,False,12.83,50,False,15.33,50,False,13.63,50,False,1.4,50,False,2.4,50,False,1.28,50,False,37.093023255813954,False,True,Stretched debtors + rising provisions,Yellow,Critical
BORR-0045,Naik Group,THUCUOWJLUNDEBBJP221761,DHREM8432L,Steel,Surat,Stressed,BB,30.79,50.0,27.75,15.75,82.47,79.18,50,False,0,0,False,8.26,25,False,1,50,False,24.75,50,False,14.95,50,False,-21.8,0,False,-4.89,50,False,35.85,75,False,15.81,50,False,20.74,50,False,30.7,75,False,13.97,0,False,19.81,50,False,17.93,50,False,4,50,False,1,25,False,1,25.0,False,-11.88,0,False,False,0,False,False,0,False,46.84,75,False,7.36,25,False,26.42,50,False,False,0,False,5,100,False,False,0,False,0,0,False,False,0,False,13.15,50,False,2,40.0,False,2,40.0,False,5,25,False,58.48,0,False,2,40.0,False,False,0,False,3,60.0,False,32.39,100,False,19.85,50,False,28.26,75,False,1.08,75,False,2.82,50,False,1.48,50,False,37.906976744186046,False,True,Stretched debtors + rising provisions,Yellow,Critical
BORR-0046,Choudhury LLC,UDPTNIBWLLGOOHLDV485178,RULBM5520G,Infrastructure,Delhi,Watch,BBB+,31.08,88.25,35.43,36.16,82.45,66.55,25,False,0,0,False,1.05,0,False,1,50,False,28.62,50,False,7.36,25,False,-6.28,0,False,-3.89,50,False,14.45,25,False,12.58,25,False,5.98,25,False,28.76,50,False,10.76,0,False,13.71,25,False,5.04,25,False,0,0,False,0,0,False,0,0.0,False,-9.14,0,False,False,0,False,False,0,False,21.08,50,False,10.69,50,False,13.19,25,False,False,0,False,1,25,False,False,0,False,0,0,False,False,0,False,15.22,50,False,2,40.0,False,0,0.0,False,3,25,False,77.84,0,False,0,0.0,False,False,0,False,0,0.0,False,13.26,50,False,16.75,50,False,3.01,0,False,1.38,50,False,2.1,50,False,1.62,25,False,20.11627906976744,False,True,Stretched debtors + rising provisions,Yellow,Critical
BORR-0047,Khatri-Bhardwaj,BZKHEZSGLCYRGSGHK911984,EZTAI3370E,Steel,Coimbatore,Watch,A-,68.8,114.36,62.63,42.84,47.53,63.37,25,False,2,50,False,8.22,25,False,0,0,False,13.35,25,False,0.78,0,False,-11.73,0,False,0.52,25,False,15.92,50,False,14.1,25,False,3.92,0,False,11.8,25,False,11.97,0,False,12.82,25,False,22.11,75,False,1,25,False,2,25,False,1,25.0,False,-5.96,0,False,False,0,False,False,0,False,24.19,50,False,6.82,25,False,11.53,25,False,False,0,False,2,50,False,False,0,False,0,0,False,False,0,False,0.0,0,False,0,0.0,False,1,20.0,False,3,25,False,84.37,0,False,0,0.0,False,False,0,False,0,0.0,False,12.55,50,False,8.1,25,False,19.33,50,False,1.23,50,False,2.51,50,False,1.4,50,False,20.813953488372093,False,True,Stretched debtors + rising provisions,Yellow,Critical
BORR-0048,Brar Inc,SKAFIBEXLNQDXCPOY479625,QSDOQ4629T,Renewable Energy,Mumbai,Healthy,AA+,342.18,521.72,349.48,102.32,71.36,51.17,25,False,0,0,False,5.24,25,False,0,0,False,10.5,25,False,0.0,0,False,-1.26,0,False,2.85,50,False,-4.16,0,False,6.77,25,False,0.7,0,False,14.82,25,False,8.42,0,False,1.59,0,False,10.16,50,False,0,0,False,0,0,False,0,0.0,False,3.21,0,False,False,0,False,False,0,False,14.88,25,False,5.16,25,False,0.0,0,False,True,100,False,1,25,False,False,0,False,0,0,False,False,0,False,0.0,0,False,0,0.0,False,1,20.0,False,0,0,False,86.27,0,False,0,0.0,False,False,0,False,0,0.0,False,22.25,75,False,3.76,0,False,3.51,0,False,1.85,25,False,1.67,25,False,1.81,25,False,13.255813953488373,False,False,,Green,Green
BORR-0049,"Sunder, Biswas and Walia",PMNVDPWOLCCKTECEI754644,USRWK7240T,Renewable Energy,Coimbatore,Stressed,BBB-,151.68,255.6,118.31,79.32,49.74,74.25,50,False,5,100,False,19.61,50,False,1,50,False,7.51,25,False,19.46,50,False,-27.98,0,False,-3.74,50,False,29.36,50,False,15.12,50,False,22.74,50,False,43.08,75,False,26.68,0,False,33.84,75,False,36.32,100,False,2,25,False,3,50,False,1,25.0,False,-24.07,0,False,True,100,False,False,0,False,37.2,75,False,0.0,0,False,25.57,50,False,True,100,False,0,0,False,False,0,False,2,75,False,False,0,False,9.97,25,False,0,0.0,False,0,0.0,False,9,50,False,61.3,0,False,1,20.0,False,True,100,True,0,0.0,False,29.39,75,False,16.74,50,False,15.2,50,False,1.09,75,False,2.96,50,False,1.12,75,False,42.906976744186046,True,True,Stretched debtors + rising provisions,Amber,Critical
BORR-0050,Dave Ltd,YRXGNOHNLKOMNXDKN427704,VILEV8770C,Auto Components,Delhi,Healthy,A,12.85,50.0,10.48,19.78,76.59,47.07,0,False,0,0,False,9.09,25,False,1,50,False,14.43,25,False,0.0,0,False,-12.89,0,False,0.53,25,False,11.39,25,False,1.57,0,False,-3.08,0,False,27.75,50,False,0.0,0,False,2.02,0,False,8.21,25,False,0,0,False,0,0,False,0,0.0,False,-1.66,0,False,False,0,False,False,0,False,16.01,50,False,7.25,25,False,0.0,0,False,False,0,False,0,0,False,False,0,False,0,0,False,False,0,False,3.35,0,False,0,0.0,False,0,0.0,False,2,25,False,84.5,0,False,0,0.0,False,False,0,False,0,0.0,False,12.62,50,False,4.63,0,False,12.55,50,False,2.16,0,False,1.32,25,False,1.94,25,False,11.046511627906977,False,True,Stretched debtors + rising provisions,Green,Critical
BORR-0051,Gandhi-Lanka,SRRKVDNLLVYNXBJTJ468727,DSQGE8900H,Steel,Gurugram,Healthy,AAA,129.4,250.66,149.58,70.29,40.41,49.82,0,False,0,0,False,5.7,25,False,0,0,False,16.51,50,False,9.69,25,False,-0.06,0,False,-1.02,25,False,-12.38,0,False,4.65,0,False,9.63,25,False,2.82,0,False,2.02,0,False,22.44,50,False,6.05,25,False,0,0,False,0,0,False,1,25.0,False,-1.48,0,False,False,0,False,False,0,False,18.1,50,False,4.2,0,False,5.72,25,False,False,0,False,1,25,False,False,0,False,0,0,False,False,0,False,7.43,25,False,0,0.0,False,1,20.0,False,1,25,False,85.13,0,False,1,20.0,False,False,0,False,0,0.0,False,12.57,50,False,11.06,50,False,7.38,25,False,1.9,25,False,1.49,25,False,1.57,25,False,14.883720930232558,False,True,Non-core repayment source + rising unsecured loans,Green,Critical
BORR-0052,"Sampath, Kakar and Zacharia",RYTTVURALTVWIAFIW899444,JKLAF3347S,Pharmaceuticals,Surat,Watch,BBB+,24.66,123.34,27.0,30.53,55.04,64.54,25,False,0,0,False,13.25,50,False,0,0,False,0.99,0,False,5.85,25,False,0.24,0,False,-3.87,50,False,2.09,0,False,3.32,0,False,23.89,50,False,17.55,50,False,10.45,0,False,17.6,50,False,16.26,50,False,1,25,False,0,0,False,0,0.0,False,-10.82,0,False,False,0,False,False,0,False,22.3,50,False,3.18,0,False,6.32,25,False,False,0,False,0,0,False,False,0,False,1,50,False,False,0,False,2.45,0,False,1,20.0,False,0,0.0,False,4,25,False,74.64,0,False,0,0.0,False,False,0,False,0,0.0,False,0.0,0,False,8.36,25,False,16.68,50,False,1.42,50,False,2.08,50,False,1.67,25,False,17.325581395348838,False,False,,Green,Green
BORR-0053,"Iyer, Muni and Rastogi",NOKFLJXKLYSTCBEFY747850,BVCIO7947P,Renewable Energy,Jaipur,Healthy,AA-,71.94,92.12,67.53,16.78,57.1,52.08,25,False,0,0,False,3.93,0,False,0,0,False,20.36,50,False,11.24,50,False,3.83,0,False,0.83,25,False,-5.85,0,False,12.66,25,False,11.24,25,False,0.0,0,False,6.37,0,False,10.77,25,False,18.98,50,False,0,0,False,0,0,False,0,0.0,False,-0.13,0,False,False,0,False,False,0,False,1.34,0,False,6.57,25,False,11.79,25,False,False,0,False,0,0,False,False,0,False,1,50,False,False,0,False,5.36,25,False,0,0.0,False,1,20.0,False,0,0,False,78.93,0,False,1,20.0,False,False,0,False,0,0.0,False,5.44,25,False,2.82,0,False,0.0,0,False,2.32,0,False,1.86,25,False,1.64,25,False,11.976744186046512,False,True,Non-core repayment source + rising unsecured loans,Green,Critical
BORR-0054,"Prakash, Sarma and Varughese",VSPQVJBHLMTBAGJGY243901,YIJKD1126P,Trading,Vadodara,Healthy,A,130.76,334.18,152.86,90.5,56.53,55.95,25,False,1,25,False,4.47,0,False,0,0,False,5.2,25,False,1.51,0,False,-10.59,0,False,2.21,50,False,4.34,0,False,18.17,50,False,13.98,25,False,14.6,25,False,12.21,0,False,0.0,0,False,8.05,25,False,0,0,False,1,25,False,0,0.0,False,-4.68,0,False,False,0,False,False,0,False,5.9,25,False,4.77,0,False,13.25,25,False,False,0,False,0,0,False,False,0,False,0,0,False,False,0,False,10.81,50,False,0,0.0,False,1,20.0,False,1,25,False,81.9,0,False,0,0.0,False,False,0,False,0,0.0,False,21.44,75,False,1.17,0,False,2.32,0,False,2.15,0,False,1.33,25,False,1.83,25,False,12.674418604651162,False,False,,Green,Green
BORR-0055,Dara-Kota,CMXBNAOCLKSNSMWUN403578,DMAKF8538W,Infrastructure,Hyderabad,Healthy,AA,353.85,508.26,290.83,165.23,39.41,52.63,25,False,0,0,False,0.0,0,False,0,0,False,2.94,0,False,12.22,50,False,-13.3,0,False,0.43,25,False,4.52,0,False,3.01,0,False,12.32,25,False,13.75,25,False,13.24,0,False,17.68,50,False,4.02,0,False,0,0,False,0,0,False,0,0.0,False,-6.81,0,False,False,0,False,False,0,False,-1.72,0,False,6.66,25,False,15.37,50,False,False,0,False,1,25,False,False,0,False,2,75,False,False,0,False,2.83,0,False,0,0.0,False,0,0.0,False,2,25,False,88.57,0,False,0,0.0,False,False,0,False,0,0.0,False,0.0,0,False,7.09,25,False,11.04,50,False,2.01,0,False,1.5,25,False,1.78,25,False,12.209302325581396,False,False,,Green,Green
BORR-0056,Bhatt LLC,XKHKYFCQLUDQQGYLL862712,UEHDE5193G,Engineering,Pune,Watch,BBB+,158.85,460.02,189.26,133.48,65.12,70.45,50,False,1,25,False,2.06,0,False,1,50,False,18.93,50,False,9.56,25,False,1.71,0,False,-3.36,50,False,19.15,50,False,6.01,25,False,11.7,25,False,20.82,50,False,1.89,0,False,1.82,0,False,17.0,50,False,0,0,False,0,0,False,0,0.0,False,-3.64,0,False,False,0,False,False,0,False,31.44,75,False,0.07,0,False,0.0,0,False,False,0,False,1,25,False,False,0,False,1,50,False,False,0,False,0.0,0,False,2,40.0,False,0,0.0,False,2,25,False,74.27,0,False,0,0.0,False,False,0,False,1,20.0,False,18.94,50,False,7.83,25,False,10.99,50,False,1.39,50,False,1.96,25,False,1.61,25,False,21.162790697674417,False,True,Stretched debtors + rising provisions,Yellow,Critical
BORR-0057,Karpe PLC,YSYSOVSULUTKUKEOC591699,OUJZI1920L,Renewable Energy,Coimbatore,Watch,BBB+,17.03,78.32,15.29,37.82,38.71,75.6,50,False,2,50,False,1.44,0,False,0,0,False,16.71,50,False,17.79,50,False,-7.9,0,False,-2.02,50,False,15.33,50,False,22.04,50,False,22.77,50,False,11.68,25,False,3.71,0,False,13.97,25,False,6.5,25,False,0,0,False,2,25,False,0,0.0,False,-9.07,0,False,True,100,False,False,0,False,19.62,50,False,12.7,50,False,17.22,50,False,False,0,False,0,0,False,False,0,False,1,50,False,False,0,False,11.03,50,False,0,0.0,False,1,20.0,False,3,25,False,67.98,0,False,0,0.0,False,False,0,False,0,0.0,False,1.47,0,False,17.81,50,False,8.98,25,False,1.93,25,False,2.34,50,False,1.58,25,False,24.88372093023256,False,True,Stretched debtors + rising provisions,Yellow,Critical
BORR-0058,Amble Inc,TTQMOSRZLXBOZSUGK734394,PQEBO2695Z,Manufacturing,Gurugram,Healthy,AAA,20.54,133.06,24.5,58.69,52.17,63.05,25,False,0,0,False,5.99,25,False,0,0,False,13.1,25,False,11.98,50,False,-1.6,0,False,0.3,25,False,11.74,25,False,-3.9,0,False,6.46,25,False,22.93,50,False,21.6,0,False,0.79,0,False,10.47,50,False,0,0,False,1,25,False,1,25.0,False,4.75,0,False,False,0,False,False,0,False,14.36,25,False,4.95,0,False,14.56,25,False,False,0,False,0,0,False,False,0,False,0,0,False,False,0,False,17.06,50,False,0,0.0,False,0,0.0,False,1,25,False,82.16,0,False,0,0.0,False,False,0,False,0,0.0,False,6.62,25,False,9.51,25,False,0.08,0,False,2.28,0,False,1.6,25,False,1.99,25,False,13.372093023255815,False,True,Stretched debtors + rising provisions,Green,Critical
BORR-0059,"Bhargava, Karnik and Bir",QQTFLLJMLNYKVTBZU778748,KCKDR7333J,Infrastructure,Chennai,Watch,BBB+,156.62,252.46,135.74,41.33,71.19,59.21,25,False,1,25,False,11.27,50,False,2,75,False,7.1,25,False,5.95,25,False,-17.59,0,False,-1.4,25,False,3.54,0,False,17.19,50,False,22.36,50,False,26.21,50,False,21.49,0,False,23.6,50,False,5.38,25,False,0,0,False,0,0,False,0,0.0,False,-1.58,0,False,True,100,False,False,0,False,22.75,50,False,0.18,0,False,14.22,25,False,False,0,False,0,0,False,False,0,False,2,75,False,True,100,False,9.1,25,False,4,80.0,False,1,20.0,False,2,25,False,78.03,0,False,2,40.0,False,False,0,False,0,0.0,False,17.09,50,False,3.92,0,False,9.22,25,False,1.67,25,False,2.01,50,False,1.67,25,False,27.674418604651162,False,True,Non-core repayment source + rising unsecured loans,Yellow,Critical
BORR-0060,Narayanan Inc,LJUWVMETLWCJRMUZK952686,EVWXV9624C,Power,Surat,Watch,A-,353.68,480.85,324.07,128.23,68.52,69.66,25,False,0,0,False,0.99,0,False,0,0,False,20.3,50,False,12.11,50,False,-1.2,0,False,-2.03,50,False,24.48,50,False,28.35,50,False,22.19,50,False,22.62,50,False,24.39,0,False,17.45,50,False,12.68,50,False,1,25,False,1,25,False,0,0.0,False,-5.23,0,False,False,0,False,False,0,False,21.8,50,False,6.97,25,False,17.7,50,False,False,0,False,1,25,False,False,0,False,4,100,True,False,0,False,7.05,25,False,0,0.0,False,1,20.0,False,2,25,False,74.87,0,False,1,20.0,False,False,0,False,1,20.0,False,6.93,25,False,6.57,25,False,18.44,50,False,2.01,0,False,2.22,50,False,1.48,50,False,25.232558139534884,True,True,Stretched debtors + rising provisions,Yellow,Critical
BORR-0061,"Khanna, Mallick and Sunder",GHEECJZDLQYRXQBVK903531,TETME3658F,Manufacturing,Gurugram,Healthy,AA-,37.43,112.26,41.26,23.92,69.64,62.44,25,False,1,25,False,0.35,0,False,0,0,False,11.83,25,False,11.65,50,False,1.43,0,False,-0.2,25,False,-1.09,0,False,29.75,50,False,-2.83,0,False,5.59,25,False,0.0,0,False,13.39,25,False,7.63,25,False,0,0,False,0,0,False,0,0.0,False,0.08,0,False,False,0,False,False,0,False,8.63,25,False,1.74,0,False,8.96,25,False,True,100,False,2,50,False,False,0,False,0,0,False,False,0,False,1.01,0,False,2,40.0,False,0,0.0,False,0,0,False,84.69,0,False,0,0.0,False,False,0,False,1,20.0,False,7.06,25,False,2.42,0,False,4.52,0,False,1.93,25,False,1.23,25,False,1.81,25,False,14.767441860465116,False,True,Non-core repayment source + rising unsecured loans,Green,Critical
BORR-0062,Zacharia and Sons,HOTJYXZOLHRHJZZPG485709,VSOOY5616Y,Textiles,Ahmedabad,Watch,BBB,86.16,150.56,87.73,24.89,60.15,54.76,25,False,0,0,False,0.0,0,False,1,50,False,10.2,25,False,3.93,0,False,-15.83,0,False,-3.56,50,False,11.11,25,False,23.2,50,False,4.89,0,False,14.76,25,False,18.16,0,False,24.81,50,False,9.65,25,False,0,0,False,0,0,False,0,0.0,False,-5.88,0,False,False,0,False,False,0,False,12.07,25,False,6.2,25,False,15.76,50,False,False,0,False,1,25,False,False,0,False,0,0,False,False,0,False,1.84,0,False,0,0.0,False,0,0.0,False,3,25,False,78.16,0,False,0,0.0,False,False,0,False,0,0.0,False,16.56,50,False,17.21,50,False,17.81,50,False,1.81,25,False,1.93,25,False,1.74,25,False,16.27906976744186,False,True,Stretched debtors + rising provisions,Green,Critical
BORR-0063,"Solanki, Kibe and Solanki",BUPLRDWQLDJCYFIOQ254506,NCHOL1436N,Textiles,Mumbai,Healthy,AA,33.36,59.96,38.38,25.81,54.82,58.62,25,False,2,50,False,3.68,0,False,0,0,False,22.15,50,False,4.63,0,False,-27.77,0,False,-4.14,50,False,3.35,0,False,13.54,25,False,3.82,0,False,22.68,50,False,3.65,0,False,0.0,0,False,2.81,0,False,0,0,False,1,25,False,0,0.0,False,-2.03,0,False,True,100,False,False,0,False,7.24,25,False,17.42,50,False,0.0,0,False,False,0,False,0,0,False,False,0,False,0,0,False,False,0,False,9.88,25,False,0,0.0,False,0,0.0,False,1,25,False,78.71,0,False,0,0.0,False,False,0,False,1,20.0,False,1.14,0,False,0.0,0,False,7.13,25,False,2.22,0,False,1.3,25,False,1.73,25,False,13.837209302325581,False,False,,Green,Green
BORR-0064,Gupta-Chandra,WUKZEEBJLPWEYWPOT105506,CAIGE9991X,Auto Components,Jaipur,Healthy,AAA,33.32,54.81,40.92,15.41,61.39,51.35,25,False,0,0,False,5.01,25,False,0,0,False,11.35,25,False,0.0,0,False,0.27,0,False,-0.38,25,False,4.29,0,False,-1.46,0,False,-1.09,0,False,16.19,50,False,19.0,0,False,1.63,0,False,9.94,25,False,0,0,False,0,0,False,0,0.0,False,0.4,0,False,True,100,False,False,0,False,8.86,25,False,0.72,0,False,2.0,0,False,False,0,False,1,25,False,False,0,False,0,0,False,False,0,False,1.96,0,False,0,0.0,False,0,0.0,False,3,25,False,85.54,0,False,1,20.0,False,False,0,False,0,0.0,False,2.0,0,False,0.0,0,False,20.81,75,False,2.02,0,False,1.46,25,False,1.97,25,False,11.511627906976743,False,False,,Green,Green
BORR-0065,Sankar LLC,ZTOCDPTRLAUQSHWEJ550089,ATLHS7825F,Chemicals,Surat,Healthy,A,109.87,408.51,119.52,78.7,68.41,49.25,0,False,0,0,False,3.01,0,False,0,0,False,17.75,50,False,3.91,0,False,-15.37,0,False,-1.8,25,False,8.74,25,False,-1.9,0,False,-0.52,0,False,2.67,0,False,18.94,0,False,3.13,0,False,17.22,50,False,0,0,False,1,25,False,0,0.0,False,-6.82,0,False,False,0,False,False,0,False,12.71,25,False,4.57,0,False,2.7,0,False,False,0,False,0,0,False,False,0,False,1,50,False,False,0,False,4.71,0,False,1,20.0,False,0,0.0,False,0,0,False,83.71,0,False,1,20.0,False,False,0,False,0,0.0,False,8.39,25,False,0.0,0,False,12.92,50,False,2.04,0,False,1.61,25,False,1.69,25,False,9.651162790697674,False,False,,Green,Green
BORR-0066,Roy-Sibal,RAMPBUMLLIXALZCLH868544,VUDYS6447E,Pharmaceuticals,Mumbai,Healthy,A+,141.31,703.62,134.12,235.09,52.61,47.6,0,False,1,25,False,7.96,25,False,0,0,False,16.34,50,False,1.98,0,False,-6.11,0,False,-4.48,50,False,3.61,0,False,13.22,25,False,2.27,0,False,17.51,50,False,6.58,0,False,11.24,25,False,0.0,0,False,0,0,False,1,25,False,0,0.0,False,-4.68,0,False,False,0,False,False,0,False,0.85,0,False,10.03,50,False,13.33,25,False,True,100,False,1,25,False,False,0,False,1,50,False,False,0,False,0.0,0,False,0,0.0,False,2,40.0,False,1,25,False,91.99,0,False,0,0.0,False,False,0,False,0,0.0,False,2.53,0,False,0.0,0,False,13.39,50,False,1.92,25,False,1.56,25,False,1.75,25,False,16.627906976744185,False,True,Non-core repayment source + rising unsecured loans,Green,Critical
BORR-0067,"Bhagat, Chaudhari and Bhat",PUFZECWYLOBJGBZGB430926,JQMRP5150B,Renewable Energy,Noida,Healthy,A,44.41,168.68,43.02,71.3,67.35,43.4,0,False,0,0,False,4.35,0,False,0,0,False,0.0,0,False,14.94,50,False,1.88,0,False,-0.99,25,False,16.86,50,False,-1.52,0,False,10.35,25,False,12.0,25,False,10.56,0,False,20.72,50,False,11.99,50,False,0,0,False,0,0,False,0,0.0,False,-2.31,0,False,False,0,False,False,0,False,11.33,25,False,6.53,25,False,8.83,25,False,False,0,False,0,0,False,False,0,False,0,0,False,False,0,False,0.05,0,False,1,20.0,False,0,0.0,False,2,25,False,85.37,0,False,0,0.0,False,False,0,False,0,0.0,False,22.11,75,False,0.0,0,False,9.39,25,False,1.96,25,False,1.59,25,False,1.77,25,False,13.255813953488373,False,True,Stretched debtors + rising provisions,Green,Critical
BORR-0068,Nori-Chopra,ZLNMXOMKLFPWPLZQI940064,CXNCN3956R,Logistics,Chennai,Healthy,AAA,295.44,494.49,305.85,224.02,51.06,51.77,25,False,0,0,False,0.93,0,False,0,0,False,23.77,50,False,0.0,0,False,0.07,0,False,-4.93,50,False,14.98,25,False,8.69,25,False,9.47,25,False,0.0,0,False,5.37,0,False,19.54,50,False,2.61,0,False,0,0,False,0,0,False,0,0.0,False,-11.35,0,False,False,0,False,False,0,False,-5.16,25,False,1.74,0,False,11.64,25,False,False,0,False,0,0,False,False,0,False,1,50,False,False,0,False,0.8,0,False,0,0.0,False,1,20.0,False,3,25,False,72.07,0,False,0,0.0,False,False,0,False,0,0.0,False,9.9,25,False,0.09,0,False,6.12,25,False,2.06,0,False,1.35,25,False,1.86,25,False,11.511627906976743,False,True,Non-core repayment source + rising unsecured loans,Green,Critical
BORR-0069,Handa and Sons,WOLOBXLTLNIUZBCVU525942,LQZXV3621A,Renewable Energy,Pune,Healthy,AA+,98.73,260.25,85.2,79.65,77.43,47.69,0,False,0,0,False,1.97,0,False,1,50,False,5.36,25,False,1.85,0,False,-19.8,0,False,1.09,25,False,9.98,25,False,8.67,25,False,-6.49,0,False,26.75,50,False,4.18,0,False,5.11,25,False,0.0,0,False,0,0,False,0,0,False,0,0.0,False,-12.68,0,False,False,0,False,True,100,False,2.99,0,False,2.02,0,False,9.88,25,False,False,0,False,0,0,False,False,0,False,0,0,False,False,0,False,3.67,0,False,0,0.0,False,1,20.0,False,0,0,False,92.02,0,False,1,20.0,False,False,0,False,3,60.0,False,6.64,25,False,0.0,0,False,16.39,50,False,2.02,0,False,1.94,25,False,1.73,25,False,13.372093023255815,False,True,Stretched debtors + rising provisions,Green,Critical
BORR-0070,"Sen, Dey and Sami",LMSBTEVOLLLOYCSEQ484774,MKUIH2858A,Food Processing,Vadodara,Watch,BBB+,19.33,95.1,16.25,16.5,44.3,71.59,50,False,2,50,False,7.76,25,False,1,50,False,25.23,50,False,12.66,50,False,-11.99,0,False,-1.49,25,False,11.96,25,False,31.05,75,False,-7.31,0,False,27.91,50,False,0.0,0,False,13.74,25,False,11.86,50,False,0,0,False,0,0,False,2,50.0,False,-13.07,0,False,False,0,False,False,0,False,27.4,50,False,13.21,50,False,17.88,50,False,False,0,False,1,25,False,False,0,False,1,50,False,False,0,False,21.06,75,False,1,20.0,False,1,20.0,False,2,25,False,79.6,0,False,1,20.0,False,False,0,False,0,0.0,False,10.24,50,False,2.95,0,False,13.18,50,False,1.73,25,False,1.99,25,False,1.5,25,False,26.3953488372093,False,True,Stretched debtors + rising provisions,Yellow,Critical
BORR-0071,Mallick Group,TJWPGDECLOFWOCZVK800280,LWCRR5757J,Infrastructure,Gurugram,Healthy,AA+,66.14,260.19,57.41,109.6,42.88,57.74,25,False,0,0,False,11.28,50,False,0,0,False,11.55,25,False,3.21,0,False,-5.48,0,False,0.28,25,False,-8.52,0,False,15.8,50,False,6.58,25,False,4.36,0,False,7.47,0,False,7.62,25,False,0.0,0,False,1,25,False,0,0,False,0,0.0,False,3.72,0,False,False,0,False,False,0,False,11.37,25,False,2.66,0,False,13.85,25,False,False,0,False,0,0,False,False,0,False,0,0,False,False,0,False,0.0,0,False,1,20.0,False,0,0.0,False,0,0,False,82.7,0,False,0,0.0,False,False,0,False,1,20.0,False,0.0,0,False,8.39,25,False,0.91,0,False,1.97,25,False,1.25,25,False,1.55,25,False,10.232558139534884,False,True,Non-core repayment source + rising unsecured loans,Green,Critical
BORR-0072,Borra Group,GZEHZPALLRSLOZRET190403,CJMWX8842Q,Construction,Ahmedabad,Watch,A-,473.92,843.9,449.48,361.02,73.46,59.12,25,False,1,25,False,8.26,25,False,2,75,False,3.87,0,False,6.7,25,False,-15.36,0,False,-5.11,75,False,1.74,0,False,9.13,25,False,15.26,50,False,18.29,50,False,11.61,0,False,6.54,25,False,17.06,50,False,1,25,False,2,25,False,0,0.0,False,-16.08,0,False,False,0,False,False,0,False,18.49,50,False,12.88,50,False,17.37,50,False,False,0,False,2,50,False,False,0,False,0,0,False,False,0,False,5.87,25,False,1,20.0,False,0,0.0,False,6,50,False,80.9,0,False,1,20.0,False,False,0,False,0,0.0,False,2.64,0,False,17.83,50,False,0.0,0,False,1.52,25,False,2.39,50,False,1.65,25,False,22.441860465116278,False,True,Payment defaults + stretched creditors,Yellow,Critical
BORR-0073,"Chaudhari, Bedi and Zachariah",VQLEYRUSLFYENQBDQ260448,JFFKW4694L,Steel,Coimbatore,Watch,BBB+,32.97,174.89,39.39,45.64,79.75,67.14,25,False,2,50,False,9.71,25,False,1,50,False,5.92,25,False,5.62,25,False,-15.91,0,False,-1.14,25,False,22.95,50,False,15.86,50,False,23.47,50,False,4.77,0,False,29.84,0,False,31.23,75,False,18.02,50,False,0,0,False,0,0,False,1,25.0,False,0.16,0,False,False,0,False,False,0,False,15.75,50,False,11.79,50,False,23.78,50,False,False,0,False,0,0,False,False,0,False,0,0,False,False,0,False,15.1,50,False,0,0.0,False,2,40.0,False,4,25,False,72.67,0,False,0,0.0,False,False,0,False,0,0.0,False,12.33,50,False,9.38,25,False,9.05,25,False,1.96,25,False,1.39,25,False,1.53,25,False,22.441860465116278,False,True,Non-core repayment source + rising unsecured loans,Yellow,Critical
BORR-0074,Chander and Sons,JTRCQUFSLSEFVTXTK983456,SBACB5336U,Chemicals,Bengaluru,Watch,BBB,217.51,866.66,232.07,420.09,73.35,58.15,25,False,2,50,False,7.92,25,False,1,50,False,22.46,50,False,0.66,0,False,-3.09,0,False,-3.15,50,False,21.93,50,False,15.78,50,False,8.13,25,False,22.36,50,False,0.0,0,False,22.03,50,False,14.74,50,False,2,25,False,1,25,False,0,0.0,False,-13.16,0,False,False,0,False,False,0,False,17.44,50,False,13.93,50,False,24.27,50,False,False,0,False,1,25,False,False,0,False,1,50,False,False,0,False,14.91,50,False,0,0.0,False,0,0.0,False,3,25,False,83.96,0,False,0,0.0,False,False,0,False,0,0.0,False,19.11,50,False,12.61,50,False,5.02,25,False,1.95,25,False,2.4,50,False,1.64,25,False,25.58139534883721,False,True,Stretched debtors + rising provisions,Yellow,Critical
BORR-0075,Ray Group,JPHZZVMJLOCWBFONP587002,GKTEK6231X,Renewable Energy,Gurugram,Healthy,A,9.02,50.0,8.41,23.06,52.27,52.9,25,False,0,0,False,5.77,25,False,0,0,False,0.0,0,False,9.38,25,False,-15.43,0,False,1.81,25,False,4.11,0,False,3.56,0,False,0.98,0,False,5.9,25,False,20.66,0,False,0.0,0,False,16.08,50,False,0,0,False,0,0,False,0,0.0,False,-2.06,0,False,False,0,False,False,0,False,15.03,50,False,9.71,25,False,1.56,0,False,False,0,False,0,0,False,False,0,False,0,0,False,False,0,False,3.26,0,False,0,0.0,False,0,0.0,False,3,25,False,86.98,0,False,0,0.0,False,False,0,False,0,0.0,False,17.3,50,False,2.7,0,False,0.0,0,False,2.18,0,False,1.55,25,False,1.79,25,False,8.720930232558139,False,False,,Green,Green
BORR-0076,Kala-Rattan,DIOHEDBJLMTNHFKSX427905,GYFPQ8648P,Trading,Chennai,Healthy,AA-,147.32,412.36,153.53,142.92,59.87,51.3,25,False,1,25,False,15.77,50,False,0,0,False,1.63,0,False,5.98,25,False,-10.83,0,False,-4.3,50,False,8.81,25,False,14.08,25,False,9.8,25,False,9.47,25,False,3.09,0,False,0.0,0,False,12.76,50,False,0,0,False,0,0,False,1,25.0,False,4.2,0,False,False,0,False,False,0,False,11.87,25,False,11.0,50,False,0.0,0,False,False,0,False,0,0,False,False,0,False,0,0,False,False,0,False,8.89,25,False,0,0.0,False,1,20.0,False,1,25,False,92.23,0,False,1,20.0,False,False,0,False,0,0.0,False,0.0,0,False,13.14,50,False,3.97,0,False,2.29,0,False,1.65,25,False,1.81,25,False,14.30232558139535,False,True,Stretched debtors + rising provisions,Green,Critical
BORR-0077,Gala Group,BBJPTUVPLJRADNEIX483545,YMLBM1838S,Auto Components,Coimbatore,Healthy,AA,81.35,197.76,89.64,96.57,44.73,49.9,0,False,0,0,False,1.3,0,False,1,50,False,5.66,25,False,2.53,0,False,-13.25,0,False,-1.16,25,False,-9.77,0,False,-0.24,0,False,-1.42,0,False,6.51,25,False,6.38,0,False,17.6,50,False,18.38,50,False,0,0,False,0,0,False,0,0.0,False,-9.34,0,False,False,0,False,False,0,False,11.0,25,False,4.66,0,False,6.92,25,False,False,0,False,0,0,False,False,0,False,0,0,False,False,0,False,0.0,0,False,0,0.0,False,0,0.0,False,0,0,False,77.66,0,False,0,0.0,False,False,0,False,0,0.0,False,3.81,0,False,5.4,25,False,1.49,0,False,2.17,0,False,1.53,25,False,1.56,25,False,8.13953488372093,False,True,Non-core repayment source + rising unsecured loans,Green,Critical
BORR-0078,Ramakrishnan LLC,VTDEDMLZLKRLYEGTQ520884,QBBBE6456Z,Steel,Kolkata,Healthy,A+,55.17,134.42,51.32,41.35,60.97,57.1,25,False,1,25,False,3.62,0,False,1,50,False,0.32,0,False,1.15,0,False,-7.58,0,False,-1.64,25,False,-2.44,0,False,-0.8,0,False,7.38,25,False,24.53,50,False,11.03,0,False,7.54,25,False,0.27,0,False,0,0,False,1,25,False,0,0.0,False,-0.95,0,False,False,0,False,False,0,False,4.93,0,False,3.49,0,False,3.8,0,False,False,0,False,0,0,False,False,0,False,0,0,False,False,0,False,6.92,25,False,0,0.0,False,2,40.0,False,1,25,False,85.61,0,False,1,20.0,False,False,0,False,0,0.0,False,21.44,75,False,0.84,0,False,2.31,0,False,1.95,25,False,1.7,25,False,1.87,25,False,11.86046511627907,False,True,Payment defaults + stretched creditors,Green,Critical
BORR-0079,Mangal-Sampath,TXJSKQQRLPWSJPALK806537,DNSJZ1436T,Infrastructure,Kolkata,Healthy,AA-,44.58,198.69,46.47,94.57,48.28,46.04,0,False,0,0,False,0.34,0,False,0,0,False,10.98,25,False,7.09,25,False,-16.93,0,False,0.93,25,False,8.77,25,False,16.33,50,False,9.55,25,False,23.27,50,False,12.33,0,False,21.46,50,False,10.42,50,False,0,0,False,0,0,False,0,0.0,False,-4.24,0,False,False,0,False,False,0,False,14.51,25,False,13.68,50,False,18.0,50,False,False,0,False,0,0,False,False,0,False,0,0,False,False,0,False,9.21,25,False,0,0.0,False,0,0.0,False,1,25,False,80.66,0,False,0,0.0,False,False,0,False,0,0.0,False,2.39,0,False,6.43,25,False,0.0,0,False,1.5,25,False,1.35,25,False,1.81,25,False,13.953488372093023,False,True,Stretched debtors + rising provisions,Green,Critical
BORR-0080,"Sur, Dubey and Gupta",FQUXTYMELVHBSWDGA562462,KNENW4340N,Trading,Coimbatore,Watch,BBB+,20.52,50.0,24.85,11.48,73.75,63.45,25,False,1,25,False,7.63,25,False,2,75,False,7.82,25,False,9.88,25,False,-19.86,0,False,-3.62,50,False,16.81,50,False,8.61,25,False,12.25,25,False,18.36,50,False,14.54,0,False,16.52,50,False,4.55,0,False,0,0,False,0,0,False,3,75.0,False,-3.86,0,False,False,0,False,False,0,False,10.47,25,False,13.77,50,False,23.9,50,False,False,0,False,0,0,False,False,0,False,0,0,False,True,100,False,8.49,25,False,0,0.0,False,0,0.0,False,2,25,False,73.93,0,False,1,20.0,False,False,0,False,0,0.0,False,10.05,50,False,7.93,25,False,13.85,50,False,1.57,25,False,2.2,50,False,1.91,25,False,24.302325581395348,False,True,Stretched debtors + rising provisions,Yellow,Critical
BORR-0081,Kalla-Bhardwaj,RKVPQMKFLORKRLVYX813813,UZWIT8932G,Logistics,Bengaluru,Stressed,BBB-,110.57,145.52,95.9,58.88,48.95,81.58,50,False,0,0,False,12.76,50,False,1,50,False,29.15,50,False,13.26,50,False,-22.97,0,False,-4.01,50,False,17.03,50,False,9.13,25,False,21.22,50,False,47.97,75,False,20.9,0,False,43.99,75,False,30.51,100,False,2,25,False,1,25,False,1,25.0,False,-14.84,0,False,True,100,False,False,0,False,41.51,75,False,1.53,0,False,15.26,50,False,False,0,False,0,0,False,False,0,False,0,0,False,False,0,False,28.43,75,False,4,80.0,False,1,20.0,False,5,25,False,73.6,0,False,1,20.0,False,False,0,False,1,20.0,False,11.31,50,False,21.02,75,False,14.35,50,False,0.9,100,True,3.08,75,False,1.38,50,False,37.55813953488372,True,True,Stretched debtors + rising provisions,Yellow,Critical
BORR-0082,"Bhat, Murthy and Bhandari",KPLRZXIJLDSVRMMLY943700,EJBJW2294L,Chemicals,Kolkata,Healthy,AA-,181.77,259.07,158.74,102.78,67.8,61.39,25,False,1,25,False,1.69,0,False,0,0,False,28.61,50,False,2.34,0,False,-15.48,0,False,-0.51,25,False,26.84,50,False,-9.47,0,False,5.74,25,False,17.51,50,False,9.33,0,False,6.87,25,False,0.0,0,False,0,0,False,0,0,False,0,0.0,False,-0.85,0,False,False,0,False,False,0,False,-3.55,0,False,3.81,0,False,7.87,25,False,False,0,False,0,0,False,False,0,False,1,50,False,False,0,False,7.15,25,False,1,20.0,False,1,20.0,False,1,25,False,87.77,0,False,0,0.0,False,False,0,False,0,0.0,False,0.38,0,False,0.0,0,False,19.03,50,False,2.24,0,False,2.03,50,False,1.65,25,False,13.13953488372093,False,True,Stretched debtors + rising provisions,Green,Critical
BORR-0083,Sood PLC,IEDTXSHHLBVQHUHBD533377,KWPDV3252A,Engineering,Coimbatore,Watch,BBB,272.98,794.64,215.54,268.99,83.9,62.86,25,False,0,0,False,0.53,0,False,0,0,False,25.1,50,False,7.02,25,False,-3.02,0,False,-1.59,25,False,34.18,75,False,0.41,0,False,24.07,50,False,33.83,75,False,6.73,0,False,26.07,50,False,15.02,50,False,0,0,False,0,0,False,0,0.0,False,-9.89,0,False,False,0,False,False,0,False,21.0,50,False,13.75,50,False,5.01,25,False,False,0,False,2,50,False,True,100,True,0,0,False,False,0,False,15.49,50,False,0,0.0,False,3,60.0,False,5,25,False,80.22,0,False,1,20.0,False,False,0,False,1,20.0,False,19.21,50,False,18.49,50,False,4.83,0,False,1.51,25,False,2.28,50,False,1.38,50,False,25.58139534883721,True,True,Stretched debtors + rising provisions,Yellow,Critical
BORR-0084,"Dugar, Bhandari and Trivedi",YJKJUBYCLUSHRXXBF538184,FBMZP4052X,Renewable Energy,Gurugram,Healthy,AA+,79.73,107.96,76.76,49.38,81.3,49.34,0,False,0,0,False,3.55,0,False,0,0,False,7.91,25,False,7.11,25,False,-2.63,0,False,-1.88,25,False,9.71,25,False,4.26,0,False,9.66,25,False,3.29,0,False,6.65,0,False,0.0,0,False,6.24,25,False,0,0,False,0,0,False,1,25.0,False,0.16,0,False,False,0,False,False,0,False,6.84,25,False,6.04,25,False,11.63,25,False,False,0,False,0,0,False,False,0,False,0,0,False,False,0,False,6.68,25,False,0,0.0,False,0,0.0,False,2,25,False,85.07,0,False,0,0.0,False,False,0,False,1,20.0,False,15.45,50,False,0.0,0,False,10.32,50,False,2.09,0,False,1.41,25,False,1.89,25,False,10.930232558139535,False,False,,Green,Green
BORR-0085,Grewal Inc,JOURQPEQLOIGZDKFX581206,UIWFA6523Z,Manufacturing,Chennai,Stressed,BB,33.6,80.76,26.57,29.15,63.39,82.65,50,False,3,75,False,17.36,50,False,0,0,False,22.97,50,False,24.03,75,False,-21.95,0,False,-3.1,50,False,31.96,75,False,20.08,50,False,15.24,50,False,37.15,75,False,26.55,0,False,46.07,75,False,15.05,50,False,3,50,False,3,50,False,2,50.0,False,-4.78,0,False,False,0,False,False,0,False,43.67,75,False,12.89,50,False,30.49,75,False,False,0,False,0,0,False,False,0,False,0,0,False,True,100,False,27.33,75,False,2,40.0,False,1,20.0,False,3,25,False,53.91,0,False,1,20.0,False,False,0,False,2,40.0,False,12.1,50,False,14.09,50,False,17.59,50,False,1.42,50,False,3.46,75,False,1.04,75,False,40.58139534883721,False,True,Stretched debtors + rising provisions,Amber,Critical
BORR-0086,"Bir, Keer and Raval",QKCMVDFELPKHAIMHO890371,IKJSX1187I,Textiles,Surat,Watch,BBB+,56.85,109.75,56.7,41.0,52.98,53.57,25,False,1,25,False,9.48,25,False,0,0,False,23.61,50,False,0.72,0,False,-12.5,0,False,-2.63,50,False,28.96,50,False,19.42,50,False,0.62,0,False,19.47,50,False,15.43,0,False,13.72,25,False,17.15,50,False,0,0,False,0,0,False,0,0.0,False,-12.32,0,False,False,0,False,False,0,False,23.61,50,False,9.61,25,False,14.76,25,False,False,0,False,0,0,False,False,0,False,0,0,False,False,0,False,0.0,0,False,0,0.0,False,1,20.0,False,1,25,False,75.14,0,False,1,20.0,False,False,0,False,0,0.0,False,21.9,75,False,6.76,25,False,6.42,25,False,1.28,50,False,2.08,50,False,1.92,25,False,18.953488372093023,False,True,Stretched debtors + rising provisions,Green,Critical
BORR-0087,Koshy PLC,WYJWDUJLLTHHEPEOX735163,LNWRP9806Z,Renewable Energy,Surat,Healthy,A+,100.31,452.78,100.03,116.54,76.28,53.89,25,False,0,0,False,2.89,0,False,2,75,False,9.23,25,False,5.09,25,False,-11.33,0,False,1.41,25,False,12.07,25,False,0.83,0,False,14.01,25,False,3.28,0,False,1.41,0,False,0.4,0,False,0.0,0,False,0,0,False,0,0,False,1,25.0,False,-1.39,0,False,False,0,False,False,0,False,-1.38,0,False,3.57,0,False,6.37,25,False,False,0,False,0,0,False,False,0,False,0,0,False,False,0,False,3.71,0,False,0,0.0,False,1,20.0,False,1,25,False,85.68,0,False,0,0.0,False,False,0,False,0,0.0,False,2.99,0,False,3.99,0,False,7.13,25,False,2.29,0,False,1.47,25,False,1.74,25,False,9.186046511627907,False,True,Payment defaults + stretched creditors,Green,Critical
BORR-0088,"Baral, Bumb and Saini",QWLCSDBRLQGSREFKQ563303,DVGWS9008C,Renewable Energy,Coimbatore,Watch,BBB+,127.67,251.83,151.81,114.73,57.27,58.05,25,False,0,0,False,0.06,0,False,1,50,False,0.25,0,False,4.54,0,False,-6.9,0,False,-2.73,50,False,0.0,0,False,17.49,50,False,20.49,50,False,7.08,25,False,18.93,0,False,7.44,25,False,13.23,50,False,0,0,False,0,0,False,0,0.0,False,-9.42,0,False,False,0,False,False,0,False,23.06,50,False,10.79,50,False,12.49,25,False,True,100,False,0,0,False,False,0,False,1,50,False,False,0,False,10.47,50,False,1,20.0,False,1,20.0,False,5,25,False,75.16,0,False,0,0.0,False,False,0,False,0,0.0,False,20.27,75,False,1.89,0,False,4.69,0,False,1.6,25,False,2.42,50,False,1.67,25,False,20.697674418604652,False,True,Payment defaults + stretched creditors,Yellow,Critical
BORR-0089,"Virk, Mutti and Lal",VZJXAMIALXGSCBNLW166857,RBCPB5703N,Textiles,Pune,Healthy,AA-,40.51,106.72,48.87,33.07,73.45,47.66,0,False,0,0,False,1.45,0,False,0,0,False,15.82,50,False,0.0,0,False,6.76,0,False,0.46,25,False,15.48,50,False,1.55,0,False,4.8,0,False,0.0,0,False,3.66,0,False,12.94,25,False,16.22,50,False,0,0,False,0,0,False,0,0.0,False,-9.29,0,False,False,0,False,False,0,False,9.71,25,False,1.11,0,False,2.97,0,False,False,0,False,0,0,False,False,0,False,0,0,False,False,0,False,0.0,0,False,0,0.0,False,0,0.0,False,1,25,False,77.94,0,False,0,0.0,False,False,0,False,1,20.0,False,6.16,25,False,6.6,25,False,16.09,50,False,2.0,0,False,1.75,25,False,1.63,25,False,9.767441860465116,False,True,Non-core repayment source + rising unsecured loans,Green,Critical
BORR-0090,Murthy and Sons,OMMCVVRELULDFRMQE863214,HAYAJ8585V,Construction,Vadodara,Watch,BBB+,211.05,302.86,162.8,89.99,62.22,63.29,25,False,0,0,False,5.77,25,False,0,0,False,19.46,50,False,5.3,25,False,-2.16,0,False,-0.9,25,False,17.69,50,False,-0.01,0,False,12.43,25,False,23.27,50,False,16.79,0,False,0.0,0,False,5.82,25,False,1,25,False,0,0,False,0,0.0,False,-8.03,0,False,False,0,False,False,0,False,25.25,50,False,11.46,50,False,17.87,50,False,False,0,False,0,0,False,False,0,False,0,0,False,False,0,False,8.29,25,False,2,40.0,False,3,60.0,False,0,0,False,79.26,0,False,0,0.0,False,False,0,False,1,20.0,False,6.94,25,False,15.46,50,False,3.65,0,False,1.77,25,False,2.14,50,False,1.86,25,False,18.488372093023255,False,True,Stretched debtors + rising provisions,Green,Critical
BORR-0091,Randhawa-Deep,XYDBZVNTLYAHGCDTB568127,TVWBH1724M,Logistics,Kolkata,Healthy,AA+,50.45,199.75,57.49,62.17,46.72,49.23,0,False,1,25,False,0.0,0,False,0,0,False,6.48,25,False,7.74,25,False,2.15,0,False,-1.32,25,False,21.59,50,False,7.04,25,False,3.23,0,False,0.0,0,False,5.95,0,False,4.64,0,False,13.7,50,False,0,0,False,0,0,False,0,0.0,False,-1.44,0,False,False,0,False,False,0,False,16.59,50,False,7.29,25,False,0.0,0,False,False,0,False,0,0,False,False,0,False,0,0,False,False,0,False,11.15,50,False,1,20.0,False,0,0.0,False,2,25,False,89.07,0,False,0,0.0,False,False,0,False,1,20.0,False,5.85,25,False,7.69,25,False,8.43,25,False,1.92,25,False,1.07,25,False,1.91,25,False,13.13953488372093,False,False,,Green,Green
BORR-0092,"Mital, Shankar and Mutti",XSKSTYVKLHJEVQHNJ388519,BRSXF7999R,Logistics,Kolkata,Healthy,AA+,381.23,477.54,293.99,95.05,37.34,48.33,0,False,0,0,False,0.0,0,False,0,0,False,11.8,25,False,4.54,0,False,-6.18,0,False,1.03,25,False,8.24,25,False,-0.6,0,False,21.12,50,False,10.12,25,False,14.98,0,False,1.92,0,False,9.22,25,False,0,0,False,0,0,False,0,0.0,False,-9.5,0,False,False,0,False,False,0,False,10.73,25,False,11.29,50,False,0.0,0,False,False,0,False,1,25,False,False,0,False,1,50,False,False,0,False,0.0,0,False,0,0.0,False,0,0.0,False,1,25,False,85.15,0,False,0,0.0,False,False,0,False,0,0.0,False,0.0,0,False,5.45,25,False,2.49,0,False,2.08,0,False,1.41,25,False,1.71,25,False,9.883720930232558,False,True,Stretched debtors + rising provisions,Green,Critical
BORR-0093,Andra Group,NEJMFYRPLHHJWEZOB689704,NNRQE7363H,Renewable Energy,Chennai,Healthy,AA-,47.64,89.83,49.66,38.18,45.17,48.7,0,False,0,0,False,12.66,50,False,0,0,False,12.07,25,False,4.03,0,False,-4.47,0,False,0.44,25,False,16.22,50,False,-1.62,0,False,5.76,25,False,2.67,0,False,13.47,0,False,5.68,25,False,6.72,25,False,0,0,False,0,0,False,0,0.0,False,-5.1,0,False,False,0,False,False,0,False,9.09,25,False,6.36,25,False,0.0,0,False,False,0,False,0,0,False,False,0,False,0,0,False,False,0,False,9.45,25,False,0,0.0,False,0,0.0,False,1,25,False,83.36,0,False,1,20.0,False,False,0,False,0,0.0,False,0.0,0,False,10.89,50,False,4.42,0,False,1.87,25,False,0.98,0,False,1.83,25,False,10.348837209302326,False,True,Non-core repayment source + rising unsecured loans,Green,Critical
BORR-0094,"Chaudhry, Borah and Yogi",BIMVTTBCLGZYSXVRG602681,GKJAG4113X,Food Processing,Delhi,Watch,A-,99.94,130.63,85.99,23.82,72.34,59.74,25,False,1,25,False,0.82,0,False,0,0,False,4.43,0,False,5.09,25,False,-12.32,0,False,0.4,25,False,22.17,50,False,19.15,50,False,2.67,0,False,5.11,25,False,0.0,0,False,7.91,25,False,19.68,50,False,0,0,False,1,25,False,0,0.0,False,-7.73,0,False,False,0,False,False,0,False,24.83,50,False,0.0,0,False,15.75,50,False,False,0,False,0,0,False,False,0,False,1,50,False,False,0,False,4.87,0,False,0,0.0,False,1,20.0,False,1,25,False,74.42,0,False,2,40.0,False,False,0,False,0,0.0,False,23.47,75,False,11.24,50,False,16.76,50,False,1.63,25,False,2.27,50,False,1.66,25,False,19.41860465116279,False,True,Stretched debtors + rising provisions,Critical,Critical
BORR-0095,Toor LLC,RKYJMORULLJILQPOD941814,XPYKG7073K,Engineering,Ahmedabad,Watch,A-,69.37,122.47,69.49,48.54,37.29,57.75,25,False,0,0,False,8.59,25,False,0,0,False,15.91,50,False,10.49,50,False,-18.82,0,False,-0.69,25,False,20.33,50,False,6.61,25,False,1.7,0,False,17.69,50,False,11.35,0,False,17.13,50,False,9.78,25,False,0,0,False,1,25,False,0,0.0,False,-18.79,0,False,False,0,False,False,0,False,24.17,50,False,4.51,0,False,26.09,50,False,False,0,False,0,0,False,False,0,False,0,0,False,False,0,False,0.0,0,False,0,0.0,False,2,40.0,False,4,25,False,75.09,0,False,0,0.0,False,False,0,False,1,20.0,False,15.63,50,False,15.17,50,False,4.3,0,False,1.79,25,False,1.87,25,False,1.6,25,False,17.674418604651162,False,True,Stretched debtors + rising provisions,Green,Critical
BORR-0096,Palla Inc,JEGKHMSHLPRUVKIYP858705,UXPOF6770F,Construction,Pune,Stressed,BB,15.05,50.0,11.88,12.06,71.02,77.86,50,False,1,25,False,19.76,50,False,3,100,True,32.5,75,False,14.0,50,False,-17.88,0,False,-2.91,50,False,23.03,50,False,35.22,75,False,13.76,25,False,54.87,100,True,22.49,0,False,25.57,50,False,7.32,25,False,0,0,False,1,25,False,0,0.0,False,-11.46,0,False,False,0,False,True,100,False,40.04,75,False,15.54,50,False,14.28,25,False,True,100,False,2,50,False,False,0,False,1,50,False,False,0,False,16.49,50,False,2,40.0,False,3,60.0,False,7,50,False,61.24,0,False,2,40.0,False,False,0,False,1,20.0,False,19.63,50,False,16.59,50,False,19.64,50,False,1.48,50,False,2.39,50,False,1.3,50,False,40.93023255813954,True,True,Stretched debtors + rising provisions,Amber,Critical
BORR-0097,Pingle LLC,VBYANEUHLCWEAGQOL163386,TUVTP8993A,Infrastructure,Mumbai,Healthy,AAA,192.63,243.74,181.39,118.22,61.61,58.23,25,False,0,0,False,2.51,0,False,0,0,False,3.81,0,False,1.39,0,False,-5.57,0,False,1.82,25,False,1.97,0,False,1.35,0,False,9.68,25,False,7.31,25,False,0.0,0,False,7.39,25,False,5.76,25,False,0,0,False,1,25,False,0,0.0,False,1.13,0,False,False,0,False,False,0,False,4.14,0,False,8.91,25,False,6.77,25,False,False,0,False,0,0,False,True,100,True,0,0,False,False,0,False,0.0,0,False,0,0.0,False,1,20.0,False,2,25,False,74.71,0,False,0,0.0,False,False,0,False,2,40.0,False,26.28,75,False,8.39,25,False,6.89,25,False,1.98,25,False,1.62,25,False,1.57,25,False,14.186046511627907,True,False,,Green,Critical
BORR-0098,Sarma PLC,QWVNZFDDLQEHGTQIL380310,ZMCLM8520S,Manufacturing,Bengaluru,Healthy,AAA,141.84,235.35,110.06,57.93,84.51,50.64,25,False,1,25,False,0.0,0,False,0,0,False,12.54,25,False,5.55,25,False,-8.88,0,False,-0.21,25,False,-16.09,0,False,-1.6,0,False,-3.01,0,False,6.3,25,False,3.54,0,False,15.98,50,False,0.0,0,False,1,25,False,2,25,False,0,0.0,False,-3.52,0,False,False,0,False,False,0,False,11.79,25,False,13.28,50,False,3.89,0,False,False,0,False,0,0,False,False,0,False,1,50,False,False,0,False,18.18,50,False,0,0.0,False,0,0.0,False,3,25,False,94.65,0,False,0,0.0,False,False,0,False,0,0.0,False,7.63,25,False,14.66,50,False,13.79,50,False,1.85,25,False,1.33,25,False,1.67,25,False,15.116279069767442,False,True,Non-core repayment source + rising unsecured loans,Green,Critical
BORR-0099,"Mittal, Wadhwa and Anand",YBCMMMRPLBUAWFCPN776234,ZKSDQ1697H,Renewable Energy,Bengaluru,Healthy,A,152.72,182.2,117.85,32.47,80.06,48.24,0,False,1,25,False,0.0,0,False,1,50,False,16.64,50,False,2.27,0,False,-9.82,0,False,-2.64,50,False,-6.99,0,False,5.51,25,False,-17.24,0,False,16.89,50,False,8.88,0,False,12.71,25,False,14.43,50,False,0,0,False,0,0,False,0,0.0,False,-2.76,0,False,False,0,False,False,0,False,8.54,25,False,0.0,0,False,14.98,25,False,False,0,False,0,0,False,False,0,False,2,75,False,False,0,False,3.96,0,False,0,0.0,False,2,40.0,False,1,25,False,77.64,0,False,0,0.0,False,False,0,False,0,0.0,False,13.47,50,False,4.34,0,False,2.48,0,False,1.7,25,False,1.13,25,False,1.53,25,False,14.883720930232558,False,True,Non-core repayment source + rising unsecured loans,Green,Critical
BORR-0100,"Mistry, Chawla and Desai",RSVBFKAGLSEYWMCJF691353,HSMVR6435M,Power,Noida,Watch,BBB+,52.25,143.37,62.41,23.84,71.99,61.99,25,False,0,0,False,0.4,0,False,2,75,False,0.0,0,False,14.8,50,False,-3.69,0,False,-4.36,50,False,17.38,50,False,8.59,25,False,15.49,50,False,38.36,75,False,20.55,0,False,21.09,50,False,9.27,25,False,0,0,False,1,25,False,0,0.0,False,-2.72,0,False,False,0,False,True,100,False,13.36,25,False,2.72,0,False,14.45,25,False,False,0,False,0,0,False,False,0,False,0,0,False,False,0,False,8.1,25,False,1,20.0,False,0,0.0,False,5,25,False,67.42,0,False,0,0.0,False,False,0,False,0,0.0,False,24.0,75,False,9.16,25,False,11.39,50,False,1.7,25,False,2.47,50,False,1.46,50,False,23.13953488372093,False,True,Stretched debtors + rising provisions,Yellow,Critical
BORR-0101,D’Alia-Chhabra,DNHCKTYTLTMYKAUIZ572436,PHLRM8075F,Construction,Surat,Watch,A-,37.62,50.0,29.22,16.26,64.29,60.52,25,False,1,25,False,6.16,25,False,0,0,False,24.93,50,False,3.62,0,False,-15.84,0,False,-0.73,25,False,10.99,25,False,19.45,50,False,27.6,50,False,14.48,25,False,21.21,0,False,4.46,0,False,18.16,50,False,0,0,False,1,25,False,0,0.0,False,-7.75,0,False,False,0,False,True,100,False,10.68,25,False,6.41,25,False,20.56,50,False,False,0,False,1,25,False,False,0,False,1,50,False,False,0,False,11.95,50,False,0,0.0,False,0,0.0,False,1,25,False,64.07,0,False,0,0.0,False,False,0,False,0,0.0,False,12.86,50,False,11.02,50,False,15.22,50,False,1.72,25,False,1.95,25,False,1.7,25,False,22.093023255813954,False,True,Stretched debtors + rising provisions,Yellow,Critical
BORR-0102,"Dugal, Magar and Manda",IEMWZUEXLMKLDCAJO477400,YIDEC4070N,Trading,Kolkata,Healthy,AAA,71.75,119.03,62.03,51.1,62.85,55.9,25,False,0,0,False,8.18,25,False,0,0,False,11.15,25,False,2.02,0,False,10.19,0,False,-2.25,50,False,7.01,25,False,-0.13,0,False,7.79,25,False,0.0,0,False,3.47,0,False,0.0,0,False,7.52,25,False,0,0,False,1,25,False,0,0.0,False,-15.61,0,False,False,0,False,False,0,False,19.21,50,False,5.48,25,False,1.68,0,False,False,0,False,1,25,False,False,0,False,0,0,False,False,0,False,3.21,0,False,0,0.0,False,1,20.0,False,2,25,False,80.17,0,False,0,0.0,False,False,0,False,0,0.0,False,0.0,0,False,11.11,50,False,7.76,25,False,1.94,25,False,1.68,25,False,1.91,25,False,12.093023255813954,False,False,,Green,Green
BORR-0103,"Kade, Oza and Jani",ZKMAJNMYLCXRHSQFV499226,FEIJI9079E,Steel,Delhi,Healthy,A+,18.06,128.67,21.33,35.24,43.36,59.15,25,False,0,0,False,9.61,25,False,0,0,False,2.51,0,False,4.64,0,False,3.07,0,False,-2.11,50,False,3.77,0,False,20.04,50,False,5.17,25,False,1.57,0,False,15.05,0,False,7.44,25,False,0.0,0,False,0,0,False,0,0,False,1,25.0,False,1.45,0,False,False,0,False,False,0,False,-1.96,0,False,2.32,0,False,15.94,50,False,False,0,False,0,0,False,False,0,False,0,0,False,False,0,False,13.66,50,False,0,0.0,False,0,0.0,False,1,25,False,88.26,0,False,1,20.0,False,False,0,False,0,0.0,False,8.48,25,False,6.13,25,False,2.24,0,False,1.86,25,False,1.66,25,False,2.01,0,False,10.930232558139535,False,False,,Green,Green
BORR-0104,"Lalla, Tiwari and Suresh",XUPTTGODLEJAMKTMZ445549,OKNUT3230J,Chemicals,Hyderabad,Healthy,AA+,33.15,81.27,35.8,14.38,65.16,51.14,25,False,1,25,False,0.0,0,False,0,0,False,9.2,25,False,3.94,0,False,3.75,0,False,-0.01,25,False,-9.44,0,False,6.85,25,False,3.45,0,False,0.0,0,False,11.18,0,False,3.08,0,False,2.86,0,False,0,0,False,0,0,False,1,25.0,False,-3.27,0,False,False,0,False,False,0,False,6.03,25,False,1.31,0,False,14.95,25,False,False,0,False,0,0,False,False,0,False,0,0,False,False,0,False,10.42,50,False,0,0.0,False,1,20.0,False,0,0,False,90.24,0,False,0,0.0,False,False,0,False,0,0.0,False,9.37,25,False,0.98,0,False,0.0,0,False,2.07,0,False,2.01,50,False,2.02,0,False,8.023255813953488,False,False,,Green,Green
BORR-0105,Behl-Chanda,XWUPSZHKLMIZMLDSG720995,RFVYR1440X,Food Processing,Kolkata,Watch,BBB+,67.07,154.27,52.22,75.22,82.15,66.04,25,False,1,25,False,11.9,50,False,2,75,False,2.05,0,False,14.27,50,False,-18.86,0,False,-2.23,50,False,8.99,25,False,16.68,50,False,13.73,25,False,0.0,0,False,18.93,0,False,10.22,25,False,19.11,50,False,0,0,False,1,25,False,0,0.0,False,-8.74,0,False,False,0,False,False,0,False,25.28,50,False,16.39,50,False,7.46,25,False,False,0,False,0,0,False,False,0,False,0,0,False,False,0,False,17.48,50,False,1,20.0,False,0,0.0,False,2,25,False,73.18,0,False,1,20.0,False,False,0,False,2,40.0,False,15.35,50,False,8.75,25,False,13.81,50,False,1.71,25,False,2.16,50,False,1.48,50,False,23.372093023255815,False,True,Payment defaults + stretched creditors,Yellow,Critical
BORR-0106,"Sampath, Malhotra and Basu",VPEUJHIVLEWNZMCOT602514,SMRQW7853R,Trading,Mumbai,Healthy,AA-,106.67,271.52,88.19,106.57,74.54,49.55,0,False,0,0,False,2.11,0,False,1,50,False,0.0,0,False,6.74,25,False,-10.78,0,False,-2.18,50,False,15.34,50,False,9.22,25,False,22.6,50,False,24.25,50,False,18.26,0,False,0.0,0,False,12.23,50,False,0,0,False,0,0,False,1,25.0,False,-1.25,0,False,False,0,False,False,0,False,4.61,0,False,7.71,25,False,2.72,0,False,False,0,False,0,0,False,False,0,False,1,50,False,False,0,False,15.27,50,False,0,0.0,False,0,0.0,False,1,25,False,76.42,0,False,2,40.0,False,False,0,False,1,20.0,False,5.75,25,False,4.71,0,False,8.32,25,False,1.93,25,False,1.87,25,False,1.96,25,False,16.511627906976745,False,True,Stretched debtors + rising provisions,Green,Critical
BORR-0107,Nath and Sons,VVLFUTBSLUVUMYKZN211090,ADIHQ9499R,Trading,Jaipur,Healthy,AA+,475.48,1195.34,564.37,446.3,69.38,56.86,25,False,0,0,False,0.0,0,False,0,0,False,0.0,0,False,6.8,25,False,-8.26,0,False,0.11,25,False,-1.81,0,False,19.0,50,False,-1.17,0,False,12.24,25,False,15.18,0,False,2.29,0,False,12.89,50,False,2,25,False,1,25,False,2,50.0,False,-9.9,0,False,False,0,False,False,0,False,6.02,25,False,2.5,0,False,13.57,25,False,False,0,False,0,0,False,False,0,False,0,0,False,False,0,False,2.1,0,False,0,0.0,False,1,20.0,False,1,25,False,81.56,0,False,0,0.0,False,False,0,False,0,0.0,False,5.21,25,False,8.63,25,False,6.6,25,False,2.22,0,False,1.45,25,False,2.1,0,False,11.511627906976743,False,False,,Green,Green
BORR-0108,"Lala, Edwin and Sathe",ELAPDJNCLDXELJKOZ316916,QPLPD8178X,Pharmaceuticals,Vadodara,Healthy,A+,90.86,215.85,83.03,90.73,57.62,50.2,25,False,1,25,False,9.82,25,False,0,0,False,0.0,0,False,7.73,25,False,-19.7,0,False,-1.22,25,False,8.01,25,False,3.03,0,False,16.33,50,False,14.77,25,False,19.71,0,False,5.84,25,False,13.53,50,False,0,0,False,0,0,False,0,0.0,False,-7.42,0,False,False,0,False,False,0,False,5.65,25,False,0.0,0,False,16.11,50,False,False,0,False,0,0,False,False,0,False,0,0,False,False,0,False,4.09,0,False,1,20.0,False,0,0.0,False,0,0,False,88.43,0,False,0,0.0,False,False,0,False,0,0.0,False,4.7,0,False,5.04,25,False,16.09,50,False,1.86,25,False,1.95,25,False,1.77,25,False,12.674418604651162,False,True,Stretched debtors + rising provisions,Green,Critical
BORR-0109,"Sane, Andra and Choudhury",DVZFXHQFLRFKRNOHZ524723,UFFUV8080M,Manufacturing,Mumbai,Healthy,A,182.69,234.52,149.18,44.62,71.87,55.86,25,False,0,0,False,0.14,0,False,0,0,False,12.85,25,False,0.0,0,False,-6.65,0,False,1.2,25,False,11.55,25,False,2.09,0,False,1.22,0,False,33.85,75,False,0.0,0,False,7.41,25,False,0.0,0,False,1,25,False,0,0,False,0,0.0,False,2.82,0,False,False,0,False,False,0,False,17.74,50,False,2.05,0,False,5.75,25,False,False,0,False,0,0,False,True,100,True,0,0,False,False,0,False,22.24,75,False,0,0.0,False,1,20.0,False,3,25,False,81.67,0,False,0,0.0,False,False,0,False,0,0.0,False,0.0,0,False,12.41,50,False,3.98,0,False,1.86,25,False,1.31,25,False,1.94,25,False,15.0,True,True,Stretched debtors + rising provisions,Green,Critical
BORR-0110,Dixit PLC,IYWZZCSDLZRFLKGOD375097,VPQUK7367T,Food Processing,Ahmedabad,Stressed,BBB-,97.98,168.27,85.03,48.14,64.35,76.71,50,False,3,75,False,16.26,50,False,0,0,False,10.48,25,False,8.71,25,False,-14.38,0,False,-3.34,50,False,35.11,75,False,31.01,75,False,38.51,75,False,19.82,50,False,18.85,0,False,36.98,75,False,29.98,75,False,0,0,False,0,0,False,0,0.0,False,-23.47,0,False,False,0,False,False,0,False,36.59,75,False,13.59,50,False,24.32,50,False,False,0,False,1,25,False,False,0,False,2,75,False,False,0,False,20.96,75,False,1,20.0,False,1,20.0,False,10,50,False,58.21,0,False,3,60.0,False,False,0,False,2,40.0,False,22.45,75,False,9.11,25,False,29.96,75,False,1.42,50,False,2.96,50,False,1.24,50,False,36.395348837209305,False,True,Stretched debtors + rising provisions,Yellow,Critical
BORR-0111,Pingle PLC,TSCVEKDHLJDFLWEQM538555,TESMN4043P,Logistics,Surat,Healthy,AA,24.14,50.0,21.24,10.52,61.87,53.49,25,False,1,25,False,5.59,25,False,0,0,False,6.54,25,False,0.0,0,False,-3.03,0,False,-2.18,50,False,19.49,50,False,5.4,25,False,-3.51,0,False,8.88,25,False,0.0,0,False,12.73,25,False,8.68,25,False,0,0,False,1,25,False,0,0.0,False,1.04,0,False,False,0,False,False,0,False,2.17,0,False,7.51,25,False,11.39,25,False,True,100,False,1,25,False,False,0,False,0,0,False,False,0,False,8.85,25,False,1,20.0,False,0,0.0,False,1,25,False,88.77,0,False,1,20.0,False,False,0,False,0,0.0,False,4.58,0,False,7.92,25,False,3.44,0,False,2.05,0,False,1.25,25,False,1.87,25,False,15.465116279069768,False,True,Stretched debtors + rising provisions,Green,Critical
BORR-0112,"Divan, Sani and Datta",OTBLAPEGLMRQUPNVP535820,WOPFC1505Z,Textiles,Noida,Stressed,BB,74.18,176.53,85.25,56.73,46.03,73.44,50,False,2,50,False,6.65,25,False,2,75,False,30.6,75,False,16.31,50,False,-12.34,0,False,-5.6,75,False,21.02,50,False,26.72,50,False,19.27,50,False,29.45,50,False,28.07,0,False,41.61,75,False,21.7,75,False,3,50,False,2,25,False,1,25.0,False,-14.85,0,False,False,0,False,False,0,False,40.46,75,False,5.55,25,False,15.16,50,False,False,0,False,2,50,False,True,100,True,2,75,False,False,0,False,16.59,50,False,2,40.0,False,1,20.0,False,3,25,False,58.75,0,False,1,20.0,False,False,0,False,2,40.0,False,19.53,50,False,7.02,25,False,13.63,50,False,1.36,50,False,3.38,75,False,1.22,50,False,40.0,True,True,Stretched debtors + rising provisions,Amber,Critical
BORR-0113,Morar LLC,YYPRQDSDLIYRLRYBY853905,ORGND5055J,Engineering,Gurugram,Healthy,A,93.59,192.53,90.98,40.21,84.97,56.28,25,False,0,0,False,0.0,0,False,1,50,False,4.14,0,False,7.07,25,False,-6.89,0,False,0.53,25,False,-0.77,0,False,14.51,25,False,5.77,25,False,0.0,0,False,14.2,0,False,6.01,25,False,0.0,0,False,0,0,False,0,0,False,1,25.0,False,-2.09,0,False,False,0,False,False,0,False,7.11,25,False,4.73,0,False,7.88,25,False,True,100,False,0,0,False,False,0,False,0,0,False,False,0,False,15.06,50,False,0,0.0,False,0,0.0,False,2,25,False,86.68,0,False,0,0.0,False,False,0,False,1,20.0,False,5.44,25,False,0.94,0,False,3.96,0,False,2.03,0,False,1.57,25,False,1.84,25,False,12.674418604651162,False,True,Payment defaults + stretched creditors,Green,Critical
BORR-0114,Parmar and Sons,YZHGZXSWLLWTUNFTE922974,GGZBS6747R,Pharmaceuticals,Chennai,Healthy,AAA,1750.96,2128.65,1420.49,384.1,64.84,46.11,0,False,0,0,False,5.66,25,False,0,0,False,8.55,25,False,1.82,0,False,-4.1,0,False,-2.55,50,False,10.07,25,False,3.04,0,False,8.15,25,False,0.0,0,False,1.0,0,False,0.0,0,False,1.17,0,False,0,0,False,0,0,False,1,25.0,False,-6.42,0,False,False,0,False,False,0,False,9.75,25,False,4.22,0,False,16.93,50,False,False,0,False,0,0,False,False,0,False,0,0,False,False,0,False,2.92,0,False,0,0.0,False,0,0.0,False,0,0,False,80.78,0,False,0,0.0,False,False,0,False,1,20.0,False,10.88,50,False,8.07,25,False,1.1,0,False,1.89,25,False,1.58,25,False,1.72,25,False,9.767441860465116,False,False,,Green,Green
BORR-0115,"Krish, Chauhan and Pandya",VDEYZNBILUEWEHEWK968726,HYVMP3329S,Construction,Surat,Healthy,A+,62.14,149.55,48.69,52.41,48.44,58.53,25,False,2,50,False,6.05,25,False,0,0,False,3.53,0,False,7.5,25,False,-3.09,0,False,-2.05,50,False,12.75,25,False,3.86,0,False,0.45,0,False,12.68,25,False,0.0,0,False,0.0,0,False,6.46,25,False,0,0,False,0,0,False,0,0.0,False,-7.04,0,False,False,0,False,False,0,False,12.35,25,False,7.02,25,False,4.56,0,False,False,0,False,0,0,False,False,0,False,0,0,False,False,0,False,0.0,0,False,1,20.0,False,0,0.0,False,1,25,False,78.77,0,False,2,40.0,False,False,0,False,0,0.0,False,8.78,25,False,5.56,25,False,11.1,50,False,1.89,25,False,1.11,25,False,1.9,25,False,13.023255813953488,False,True,Stretched debtors + rising provisions,Green,Critical
BORR-0116,"Ray, Dubey and Khalsa",QXIWLOPKLSAYXCXOU796405,WLCZR7516G,Food Processing,Ahmedabad,Healthy,AA-,56.69,245.07,47.86,104.92,76.24,57.51,25,False,1,25,False,3.49,0,False,0,0,False,0.0,0,False,7.94,25,False,5.4,0,False,-0.31,25,False,2.74,0,False,1.66,0,False,7.91,25,False,0.0,0,False,7.0,0,False,18.97,50,False,0.0,0,False,0,0,False,0,0,False,1,25.0,False,-3.73,0,False,False,0,False,False,0,False,15.15,50,False,8.91,25,False,0.0,0,False,False,0,False,0,0,False,False,0,False,1,50,False,False,0,False,19.53,50,False,0,0.0,False,0,0.0,False,2,25,False,89.25,0,False,1,20.0,False,False,0,False,1,20.0,False,8.95,25,False,0.0,0,False,4.53,0,False,2.19,0,False,1.43,25,False,1.91,25,False,11.976744186046512,False,False,,Green,Green
BORR-0117,Goel Group,PZKVYBBDLUZOADFOO100708,NGWEU5945F,Pharmaceuticals,Gurugram,Healthy,A+,123.36,175.09,113.28,46.96,81.64,50.91,25,False,1,25,False,0.0,0,False,2,75,False,9.19,25,False,2.94,0,False,2.74,0,False,-2.58,50,False,0.93,0,False,-17.39,0,False,1.57,0,False,25.86,50,False,0.0,0,False,0.0,0,False,9.79,25,False,1,25,False,0,0,False,0,0.0,False,-14.97,0,False,False,0,False,False,0,False,4.37,0,False,0.0,0,False,8.59,25,False,False,0,False,0,0,False,False,0,False,0,0,False,False,0,False,7.51,25,False,0,0.0,False,0,0.0,False,1,25,False,79.91,0,False,0,0.0,False,False,0,False,1,20.0,False,4.82,0,False,1.71,0,False,5.44,25,False,2.12,0,False,2.38,50,False,1.96,25,False,11.511627906976743,False,False,,Green,Green
BORR-0118,Gola Ltd,FBMUJXWYLHNUCWDAG599968,CESHQ8291A,Renewable Energy,Mumbai,Healthy,A,23.36,56.34,20.63,10.08,69.78,48.26,0,False,0,0,False,2.14,0,False,0,0,False,0.0,0,False,8.66,25,False,-13.42,0,False,0.9,25,False,10.65,25,False,-0.62,0,False,4.87,0,False,29.48,50,False,14.67,0,False,8.09,25,False,4.72,0,False,0,0,False,0,0,False,2,50.0,False,-0.42,0,False,False,0,False,False,0,False,8.69,25,False,1.63,0,False,8.92,25,False,False,0,False,0,0,False,False,0,False,0,0,False,False,0,False,0.0,0,False,0,0.0,False,0,0.0,False,0,0,False,74.87,0,False,0,0.0,False,False,0,False,1,20.0,False,10.31,50,False,4.06,0,False,7.2,25,False,2.16,0,False,1.31,25,False,1.84,25,False,9.186046511627907,False,True,Stretched debtors + rising provisions,Green,Critical
BORR-0119,Sabharwal-Kothari,CXZDDKLJLEMYYEUVE171734,QSATU3688O,Logistics,Hyderabad,Watch,BBB+,191.55,568.4,229.29,111.55,71.12,61.21,25,False,2,50,False,0.0,0,False,0,0,False,6.88,25,False,9.66,25,False,0.06,0,False,-3.84,50,False,15.63,50,False,-2.16,0,False,8.69,25,False,0.0,0,False,19.01,0,False,24.32,50,False,10.84,50,False,1,25,False,1,25,False,0,0.0,False,-7.32,0,False,False,0,False,False,0,False,24.55,50,False,8.1,25,False,12.46,25,False,False,0,False,1,25,False,False,0,False,0,0,False,False,0,False,8.1,25,False,0,0.0,False,0,0.0,False,5,25,False,72.06,0,False,0,0.0,False,False,0,False,2,40.0,False,0.31,0,False,16.94,50,False,14.82,50,False,1.98,25,False,2.08,50,False,1.88,25,False,18.953488372093023,False,True,Non-core repayment source + rising unsecured loans,Green,Critical
BORR-0120,Dutta-Chokshi,CDEYDSXMLLNKZEHIU188341,HRTTX5668Y,Textiles,Vadodara,Watch,A-,275.61,384.5,269.89,140.58,36.34,72.77,50,False,0,0,False,7.42,25,False,0,0,False,4.89,0,False,9.43,25,False,-13.47,0,False,-1.82,25,False,16.08,50,False,6.37,25,False,13.79,25,False,34.56,75,False,16.85,0,False,22.27,50,False,10.42,50,False,0,0,False,1,25,False,0,0.0,False,-15.13,0,False,False,0,False,False,0,False,16.85,50,False,9.57,25,False,14.47,25,False,False,0,False,0,0,False,False,0,False,1,50,False,False,0,False,5.96,25,False,2,40.0,False,3,60.0,False,2,25,False,74.59,0,False,1,20.0,False,False,0,False,1,20.0,False,12.2,50,False,1.98,0,False,9.91,25,False,1.78,25,False,2.55,50,False,1.53,25,False,21.86046511627907,False,True,Stretched debtors + rising provisions,Yellow,Critical
BORR-0121,Barad-Singhal,JUBZZHPMLDHPUTCQA478638,KEMSN6986R,Chemicals,Surat,Watch,BBB+,97.71,399.83,109.26,144.91,43.64,54.59,25,False,1,25,False,11.08,50,False,1,50,False,12.0,25,False,8.65,25,False,-5.68,0,False,-4.17,50,False,13.56,25,False,12.14,25,False,15.2,50,False,20.72,50,False,19.07,0,False,24.44,50,False,15.44,50,False,1,25,False,3,50,False,0,0.0,False,-6.48,0,False,False,0,False,False,0,False,24.16,50,False,4.89,0,False,10.31,25,False,False,0,False,1,25,False,False,0,False,2,75,False,False,0,False,17.36,50,False,0,0.0,False,0,0.0,False,4,25,False,74.05,0,False,0,0.0,False,False,0,False,1,20.0,False,0.0,0,False,8.08,25,False,3.69,0,False,1.73,25,False,1.43,25,False,1.6,25,False,21.976744186046513,False,True,Stretched debtors + rising provisions,Yellow,Critical
BORR-0122,Iyengar Group,BBZMQJUWLQYNNWMCU662628,RTEIC6077C,Trading,Coimbatore,Healthy,AA+,11.42,73.01,14.15,25.96,81.05,52.58,25,False,1,25,False,0.48,0,False,1,50,False,5.93,25,False,1.17,0,False,-12.4,0,False,-0.58,25,False,-3.44,0,False,1.93,0,False,-1.96,0,False,16.37,50,False,24.01,0,False,0.0,0,False,0.0,0,False,0,0,False,0,0,False,0,0.0,False,-1.45,0,False,False,0,False,False,0,False,10.13,25,False,0.06,0,False,0.0,0,False,False,0,False,0,0,False,False,0,False,2,75,False,False,0,False,7.34,25,False,0,0.0,False,0,0.0,False,0,0,False,80.14,0,False,0,0.0,False,False,0,False,1,20.0,False,0.0,0,False,0.0,0,False,8.47,25,False,2.1,0,False,1.27,25,False,1.78,25,False,9.767441860465116,False,False,,Green,Green
BORR-0123,Mody-Kari,JWNXHBHCLNDOTTBJV877722,VXFDA3248W,Textiles,Mumbai,Critical,B,388.56,737.15,347.81,211.38,43.19,91.32,75,False,4,100,False,17.22,50,False,1,50,False,34.44,75,False,14.61,50,False,-28.23,0,False,-6.4,75,False,43.38,75,False,35.53,75,False,38.33,75,False,40.66,75,False,30.0,0,False,26.01,50,False,42.39,100,False,0,0,False,2,25,False,1,25.0,False,-22.43,0,False,False,0,False,False,0,False,57.0,100,True,23.79,75,False,43.56,75,False,True,100,False,1,25,False,False,0,False,3,100,True,False,0,False,27.66,75,False,2,40.0,False,3,60.0,False,10,50,False,47.17,0,False,1,20.0,False,False,0,False,0,0.0,False,17.88,50,False,23.06,75,False,13.71,50,False,0.46,100,True,3.48,75,False,1.08,75,False,49.30232558139535,True,True,Stretched debtors + rising provisions,Amber,Critical
BORR-0124,Bajwa Ltd,EXYIXDYALKZNIQCIW704663,UCPOQ6900B,Infrastructure,Kolkata,Stressed,BB,21.4,50.0,23.02,21.89,77.97,78.94,50,False,3,75,False,11.19,50,False,1,50,False,17.15,50,False,16.81,50,False,-12.72,0,False,-4.48,50,False,16.36,50,False,39.67,75,False,29.0,50,False,40.93,75,False,22.45,0,False,39.13,75,False,13.3,50,False,0,0,False,1,25,False,1,25.0,False,-19.46,0,False,False,0,False,False,0,False,42.3,75,False,19.13,50,False,27.0,50,False,False,0,False,3,75,False,False,0,False,1,50,False,False,0,False,28.09,75,False,1,20.0,False,3,60.0,False,7,50,False,63.03,0,False,0,0.0,False,False,0,False,1,20.0,False,28.8,75,False,11.27,50,False,30.17,100,False,0.94,100,True,2.87,50,False,1.19,75,False,41.27906976744186,True,True,Stretched debtors + rising provisions,Amber,Critical
BORR-0125,Rastogi LLC,DHXQABAHLBPLMEFBR942127,WXUNH6272H,Textiles,Ahmedabad,Healthy,A,107.39,325.99,98.8,60.64,80.79,51.6,25,False,0,0,False,9.86,25,False,1,50,False,9.2,25,False,0.0,0,False,3.09,0,False,-0.78,25,False,8.34,25,False,5.18,25,False,1.86,0,False,12.22,25,False,12.41,0,False,0.0,0,False,2.46,0,False,0,0,False,0,0,False,1,25.0,False,-5.02,0,False,True,100,False,False,0,False,5.14,25,False,1.51,0,False,3.66,0,False,False,0,False,1,25,False,False,0,False,1,50,False,False,0,False,0.74,0,False,1,20.0,False,0,0.0,False,2,25,False,74.74,0,False,0,0.0,False,False,0,False,0,0.0,False,2.29,0,False,3.63,0,False,0.0,0,False,1.58,25,False,1.46,25,False,1.93,25,False,13.255813953488373,False,True,Stretched debtors + rising provisions,Green,Critical
BORR-0126,Boase-Mallick,FHZQBMCOLJYJKCROA486839,GJSZJ4974O,Logistics,Hyderabad,Healthy,AAA,335.06,1620.44,318.79,454.51,64.58,54.38,25,False,3,75,False,0.3,0,False,0,0,False,15.08,50,False,3.26,0,False,-18.21,0,False,-2.46,50,False,4.41,0,False,-0.27,0,False,6.33,25,False,6.55,25,False,5.38,0,False,0.0,0,False,0.0,0,False,1,25,False,0,0,False,0,0.0,False,1.61,0,False,False,0,False,False,0,False,5.41,25,False,3.44,0,False,18.31,50,False,False,0,False,0,0,False,False,0,False,0,0,False,False,0,False,4.77,0,False,0,0.0,False,2,40.0,False,1,25,False,92.52,0,False,0,0.0,False,False,0,False,0,0.0,False,11.65,50,False,4.24,0,False,5.9,25,False,1.8,25,False,1.33,25,False,1.68,25,False,13.13953488372093,False,False,,Green,Green
BORR-0127,Upadhyay-Ratta,EANAHRLULWAKAYVMX862540,JDGQH7878P,Trading,Mumbai,Healthy,AA+,44.47,67.32,41.44,27.36,83.63,47.11,0,False,2,50,False,4.89,0,False,0,0,False,4.14,0,False,0.0,0,False,10.74,0,False,-3.45,50,False,15.49,50,False,-6.56,0,False,9.65,25,False,6.37,25,False,2.75,0,False,9.97,25,False,6.97,25,False,0,0,False,0,0,False,0,0.0,False,-7.81,0,False,False,0,False,False,0,False,11.67,25,False,4.46,0,False,1.11,0,False,False,0,False,0,0,False,False,0,False,0,0,False,False,0,False,5.79,25,False,1,20.0,False,0,0.0,False,0,0,False,79.43,0,False,1,20.0,False,False,0,False,0,0.0,False,13.07,50,False,8.42,25,False,5.42,25,False,1.78,25,False,1.33,25,False,1.37,50,False,12.55813953488372,False,True,Stretched debtors + rising provisions,Green,Critical
BORR-0128,"Yadav, Narula and Bala",NWLOXCSDLQEUMCSSB556112,VEHJI6161Z,Chemicals,Ahmedabad,Healthy,A+,26.44,102.89,21.18,48.61,70.04,56.39,25,False,2,50,False,7.82,25,False,1,50,False,7.07,25,False,1.14,0,False,-16.92,0,False,-2.57,50,False,1.81,0,False,6.11,25,False,3.24,0,False,18.1,50,False,2.89,0,False,7.43,25,False,15.38,50,False,0,0,False,1,25,False,0,0.0,False,-8.0,0,False,False,0,False,False,0,False,6.29,25,False,7.78,25,False,5.84,25,False,False,0,False,0,0,False,True,100,True,0,0,False,False,0,False,7.75,25,False,0,0.0,False,0,0.0,False,1,25,False,76.22,0,False,0,0.0,False,False,0,False,0,0.0,False,1.79,0,False,3.61,0,False,0.0,0,False,1.93,25,False,1.44,25,False,1.93,25,False,16.27906976744186,True,True,Non-core repayment source + rising unsecured loans,Green,Critical
BORR-0129,Lal and Sons,YYSDEDFOLOKNDRLYG573869,JOIDC3582Z,Pharmaceuticals,Surat,Watch,A-,107.39,200.27,84.44,46.41,50.21,67.95,25,False,1,25,False,3.26,0,False,2,75,False,15.0,25,False,6.06,25,False,-14.23,0,False,-2.03,50,False,19.05,50,False,9.91,25,False,-6.95,0,False,3.37,0,False,20.67,0,False,0.0,0,False,21.38,75,False,2,25,False,2,25,False,0,0.0,False,-3.57,0,False,False,0,False,False,0,False,18.94,50,False,13.11,50,False,10.66,25,False,False,0,False,0,0,False,False,0,False,1,50,False,False,0,False,23.77,75,False,0,0.0,False,1,20.0,False,3,25,False,75.08,0,False,3,60.0,False,False,0,False,0,0.0,False,2.13,0,False,2.9,0,False,10.1,50,False,1.52,25,False,1.81,25,False,1.88,25,False,21.046511627906977,False,False,,Yellow,Yellow
BORR-0130,"Lanka, Barad and Chopra",WHLMQBVJLIFAMORXR361989,DODZZ3290D,Power,Mumbai,Watch,A-,18.4,109.57,19.09,48.49,38.08,66.79,25,False,1,25,False,4.9,0,False,0,0,False,15.22,50,False,11.52,50,False,-6.11,0,False,-5.28,75,False,3.73,0,False,6.28,25,False,8.71,25,False,28.92,50,False,9.87,0,False,7.44,25,False,7.91,25,False,1,25,False,0,0,False,0,0.0,False,-2.29,0,False,False,0,False,False,0,False,17.25,50,False,14.58,50,False,15.08,50,False,False,0,False,2,50,False,False,0,False,0,0,False,False,0,False,4.15,0,False,1,20.0,False,1,20.0,False,3,25,False,72.48,0,False,1,20.0,False,False,0,False,1,20.0,False,5.2,25,False,11.03,50,False,9.67,25,False,1.8,25,False,2.03,50,False,1.4,50,False,21.627906976744185,False,True,Non-core repayment source + rising unsecured loans,Yellow,Critical
BORR-0131,"Saraf, Pai and Murthy",UCSSICACLGUOZECZK228479,BOBFS8096X,Engineering,Ahmedabad,Watch,BBB,11.26,50.0,11.42,21.91,59.81,62.88,25,False,2,50,False,12.24,50,False,0,0,False,8.79,25,False,12.73,50,False,-10.28,0,False,-1.42,25,False,24.45,50,False,17.78,50,False,16.18,50,False,7.02,25,False,15.23,0,False,10.67,25,False,9.92,25,False,0,0,False,0,0,False,1,25.0,False,-10.62,0,False,False,0,False,False,0,False,14.26,25,False,8.08,25,False,27.75,50,False,False,0,False,1,25,False,False,0,False,0,0,False,False,0,False,17.14,50,False,1,20.0,False,0,0.0,False,1,25,False,80.18,0,False,0,0.0,False,False,0,False,0,0.0,False,24.05,75,False,5.23,25,False,13.14,50,False,1.9,25,False,1.53,25,False,1.68,25,False,21.3953488372093,False,True,Stretched debtors + rising provisions,Yellow,Critical
BORR-0132,Vaidya-D’Alia,OEBTTTHULJPNRPBCI501620,ENGUZ9614H,Auto Components,Surat,Healthy,AA,44.01,194.14,49.25,43.71,84.7,51.12,25,False,0,0,False,0.0,0,False,0,0,False,13.26,25,False,3.93,0,False,2.29,0,False,-0.36,25,False,8.51,25,False,-4.92,0,False,2.97,0,False,20.73,50,False,8.58,0,False,14.6,25,False,19.75,50,False,1,25,False,0,0,False,1,25.0,False,-7.63,0,False,False,0,False,False,0,False,8.84,25,False,0.0,0,False,0.0,0,False,False,0,False,1,25,False,False,0,False,0,0,False,False,0,False,0.0,0,False,0,0.0,False,0,0.0,False,3,25,False,85.63,0,False,1,20.0,False,False,0,False,1,20.0,False,7.64,25,False,6.49,25,False,0.86,0,False,2.12,0,False,2.08,50,False,1.68,25,False,11.976744186046512,False,True,Stretched debtors + rising provisions,Green,Critical
BORR-0133,Gupta-Kumar,ZPLSQKMILFAKTHAZY394579,BZPQL4813F,Manufacturing,Delhi,Healthy,A+,45.64,62.66,46.6,26.55,47.39,50.8,25,False,2,50,False,4.16,0,False,1,50,False,0.0,0,False,3.01,0,False,6.69,0,False,-0.07,25,False,20.93,50,False,-4.52,0,False,14.58,25,False,22.15,50,False,0.0,0,False,5.04,25,False,5.7,25,False,1,25,False,1,25,False,0,0.0,False,-11.85,0,False,False,0,False,False,0,False,9.04,25,False,0.0,0,False,3.84,0,False,False,0,False,1,25,False,False,0,False,0,0,False,False,0,False,0.0,0,False,1,20.0,False,0,0.0,False,2,25,False,89.67,0,False,0,0.0,False,False,0,False,1,20.0,False,0.0,0,False,6.8,25,False,2.63,0,False,1.78,25,False,1.35,25,False,1.68,25,False,13.720930232558139,False,True,Stretched debtors + rising provisions,Green,Critical
BORR-0134,Sarin Inc,SZMLFFHSLKZXWLSAW834591,LSSES4084Z,Infrastructure,Kolkata,Healthy,AA+,154.18,291.08,186.22,137.11,62.11,52.74,25,False,1,25,False,0.18,0,False,0,0,False,0.0,0,False,3.94,0,False,5.47,0,False,-2.27,50,False,0.69,0,False,-4.2,0,False,6.24,25,False,24.24,50,False,25.77,0,False,10.85,25,False,7.55,25,False,2,25,False,0,0,False,0,0.0,False,-4.27,0,False,False,0,False,False,0,False,12.06,25,False,3.87,0,False,5.87,25,False,False,0,False,0,0,False,False,0,False,0,0,False,False,0,False,3.6,0,False,0,0.0,False,1,20.0,False,3,25,False,72.82,0,False,0,0.0,False,False,0,False,0,0.0,False,7.46,25,False,3.27,0,False,4.92,0,False,2.0,0,False,1.56,25,False,1.88,25,False,9.767441860465116,False,False,,Green,Green
BORR-0135,"Yohannan, Hegde and Patla",PAKTGZEKLWFZKBAES838927,EYDQL2188L,Manufacturing,Vadodara,Healthy,A+,13.42,72.28,14.76,16.73,82.1,51.41,25,False,1,25,False,4.92,0,False,0,0,False,3.45,0,False,13.61,50,False,-9.87,0,False,-2.41,50,False,3.17,0,False,-4.47,0,False,-11.67,0,False,6.62,25,False,9.44,0,False,7.47,25,False,5.41,25,False,0,0,False,1,25,False,0,0.0,False,-3.53,0,False,False,0,False,False,0,False,11.9,25,False,11.06,50,False,2.79,0,False,False,0,False,0,0,False,False,0,False,0,0,False,False,0,False,6.37,25,False,0,0.0,False,0,0.0,False,1,25,False,81.33,0,False,0,0.0,False,False,0,False,0,0.0,False,8.02,25,False,4.77,0,False,0.0,0,False,2.25,0,False,1.04,25,False,1.81,25,False,10.465116279069768,False,False,,Green,Green
BORR-0136,Boase-Narayanan,NZUPUKFWLRWTZLHVS954017,FMJXW5825E,Steel,Pune,Healthy,A,387.09,854.0,300.55,224.53,71.44,47.29,0,False,0,0,False,7.83,25,False,0,0,False,1.33,0,False,5.15,25,False,-0.88,0,False,-3.16,50,False,-4.49,0,False,6.11,25,False,3.45,0,False,17.33,50,False,7.55,0,False,10.05,25,False,0.0,0,False,0,0,False,0,0,False,0,0.0,False,-6.62,0,False,False,0,False,False,0,False,5.92,25,False,0.08,0,False,12.01,25,False,False,0,False,0,0,False,False,0,False,0,0,False,False,0,False,0.0,0,False,0,0.0,False,0,0.0,False,0,0,False,84.62,0,False,0,0.0,False,False,0,False,0,0.0,False,5.46,25,False,7.96,25,False,5.08,25,False,2.36,0,False,0.93,0,False,1.85,25,False,8.13953488372093,False,False,,Green,Green
BORR-0137,"Murthy, Dash and Mital",FTKZTHUSLDPEKXCHL435039,FUCWV6500O,Power,Mumbai,Stressed,BBB-,40.9,82.83,31.88,41.25,48.26,69.37,25,False,3,75,False,0.47,0,False,1,50,False,29.21,50,False,11.75,50,False,-17.43,0,False,-5.68,75,False,25.97,50,False,37.3,75,False,35.42,75,False,36.21,75,False,5.59,0,False,24.39,50,False,41.77,100,False,0,0,False,3,50,False,1,25.0,False,-17.4,0,False,False,0,False,False,0,False,39.27,75,False,9.9,25,False,34.19,75,False,True,100,False,0,0,False,False,0,False,1,50,False,False,0,False,7.59,25,False,3,60.0,False,0,0.0,False,4,25,False,61.55,0,False,1,20.0,False,False,0,False,0,0.0,False,31.72,100,False,16.57,50,False,22.41,75,False,1.36,50,False,3.48,75,False,1.03,75,False,39.651162790697676,False,True,Stretched debtors + rising provisions,Critical,Critical
BORR-0138,"More, Rege and Narain",MOXNFNPMLLRMDPZSU895075,VHFOC1547J,Steel,Mumbai,Healthy,AAA,54.91,131.36,47.33,55.89,50.94,46.49,0,False,0,0,False,4.79,0,False,0,0,False,0.0,0,False,0.0,0,False,-6.96,0,False,-1.32,25,False,17.22,50,False,-9.7,0,False,9.32,25,False,0.0,0,False,13.74,0,False,0.0,0,False,18.29,50,False,0,0,False,0,0,False,0,0.0,False,-5.25,0,False,False,0,False,False,0,False,5.84,25,False,10.22,50,False,16.71,50,False,False,0,False,0,0,False,False,0,False,0,0,False,False,0,False,2.21,0,False,0,0.0,False,1,20.0,False,0,0,False,80.25,0,False,0,0.0,False,False,0,False,0,0.0,False,1.73,0,False,6.04,25,False,8.0,25,False,1.79,25,False,1.83,25,False,1.69,25,False,9.767441860465116,False,False,,Green,Green
BORR-0139,Merchant-Datta,RCKTTPWALNUFTNFBD447177,GGNWR9849I,Steel,Surat,Stressed,BBB-,127.84,408.92,145.2,188.42,49.08,69.41,25,False,1,25,False,14.9,50,False,1,50,False,30.63,75,False,7.5,25,False,-29.85,0,False,-1.86,25,False,23.35,50,False,16.08,50,False,7.87,25,False,30.12,75,False,23.76,0,False,35.15,75,False,11.01,50,False,3,50,False,1,25,False,2,50.0,False,-23.85,0,False,False,0,False,False,0,False,49.46,75,False,13.82,50,False,7.58,25,False,False,0,False,0,0,False,False,0,False,1,50,False,False,0,False,14.03,50,False,2,40.0,False,3,60.0,False,4,25,False,63.98,0,False,2,40.0,False,False,0,False,0,0.0,False,13.26,50,False,18.22,50,False,18.76,50,False,0.87,100,True,2.69,50,False,1.39,50,False,34.651162790697676,True,True,Stretched debtors + rising provisions,Yellow,Critical
BORR-0140,Salvi Ltd,LANCJVUTLPGDAGFUJ185916,PDJZM8715P,Manufacturing,Surat,Healthy,AAA,21.35,52.94,20.42,18.13,48.25,53.33,25,False,2,50,False,4.27,0,False,1,50,False,0.0,0,False,8.73,25,False,-9.25,0,False,-1.52,25,False,2.46,0,False,28.38,50,False,8.23,25,False,0.0,0,False,19.82,0,False,21.57,50,False,19.94,50,False,0,0,False,0,0,False,0,0.0,False,-3.74,0,False,False,0,False,False,0,False,1.28,0,False,6.46,25,False,13.75,25,False,False,0,False,1,25,False,False,0,False,0,0,False,False,0,False,0.0,0,False,0,0.0,False,0,0.0,False,1,25,False,81.12,0,False,0,0.0,False,False,0,False,1,20.0,False,10.48,50,False,9.29,25,False,4.98,0,False,2.1,0,False,1.32,25,False,2.14,0,False,13.255813953488373,False,True,Payment defaults + stretched creditors,Green,Critical
BORR-0141,Ghosh-Mitra,BIOOIHISLBEYWVDCV460491,ZRNYS4727R,Auto Components,Mumbai,Watch,BBB+,58.47,227.57,59.38,104.66,77.04,58.44,25,False,0,0,False,17.53,50,False,1,50,False,19.53,50,False,12.98,50,False,-15.89,0,False,-2.15,50,False,15.77,50,False,26.72,50,False,13.13,25,False,14.77,25,False,5.06,0,False,17.4,50,False,14.7,50,False,2,25,False,1,25,False,0,0.0,False,-14.76,0,False,False,0,False,False,0,False,21.47,50,False,2.82,0,False,7.27,25,False,False,0,False,1,25,False,False,0,False,0,0,False,False,0,False,21.76,75,False,0,0.0,False,3,60.0,False,2,25,False,69.26,0,False,2,40.0,False,False,0,False,1,20.0,False,16.39,50,False,1.51,0,False,17.9,50,False,1.54,25,False,1.74,25,False,1.4,50,False,25.46511627906977,False,True,Stretched debtors + rising provisions,Yellow,Critical
BORR-0142,Acharya-Modi,HPJCMWBQLSQZSVTED893969,OFFGZ4157E,Auto Components,Mumbai,Watch,BBB,619.65,669.91,488.62,261.58,56.17,59.6,25,False,1,25,False,12.5,50,False,1,50,False,12.6,25,False,9.69,25,False,3.2,0,False,-1.22,25,False,18.19,50,False,19.49,50,False,12.92,25,False,18.56,50,False,29.77,0,False,0.0,0,False,19.76,50,False,2,25,False,0,0,False,1,25.0,False,-8.97,0,False,False,0,False,False,0,False,18.93,50,False,4.49,0,False,0.0,0,False,True,100,False,0,0,False,False,0,False,0,0,False,False,0,False,11.7,50,False,0,0.0,False,0,0.0,False,1,25,False,84.07,0,False,0,0.0,False,False,0,False,0,0.0,False,16.91,50,False,12.64,50,False,15.92,50,False,1.87,25,False,1.97,25,False,1.92,25,False,22.093023255813954,False,True,Stretched debtors + rising provisions,Yellow,Critical
BORR-0143,Kade-Sani,KXZCCMRMLRKIQOAZW753323,SQZND7790E,Auto Components,Pune,Critical,BB,11.85,50.0,13.56,21.89,63.33,88.23,75,False,4,100,False,18.55,50,False,3,100,True,36.49,75,False,27.5,75,False,-26.48,0,False,-5.15,75,False,61.64,100,True,36.28,75,False,36.39,75,False,56.03,100,True,31.3,0,False,61.88,100,True,30.35,100,False,2,25,False,1,25,False,1,25.0,False,-23.86,0,False,False,0,False,False,0,False,57.31,100,True,19.71,50,False,23.74,50,False,False,0,False,2,50,False,False,0,False,4,100,True,False,0,False,35.36,100,False,0,0.0,False,4,80.0,False,5,25,False,48.82,0,False,3,60.0,False,False,0,False,2,40.0,False,34.79,100,False,19.19,50,False,19.06,50,False,0.86,100,True,3.92,75,False,0.84,100,False,53.604651162790695,True,True,Stretched debtors + rising provisions,Amber,Critical
BORR-0144,"Nagy, Shroff and Sathe",RLNIMUPSLTPBFIMET738221,VWMBM6431W,Steel,Bengaluru,Healthy,AA,130.72,218.03,153.7,75.64,37.46,52.94,25,False,0,0,False,6.53,25,False,0,0,False,9.24,25,False,2.06,0,False,-2.89,0,False,-3.47,50,False,9.55,25,False,-1.91,0,False,14.5,25,False,38.72,75,False,0.72,0,False,13.34,25,False,1.05,0,False,0,0,False,0,0,False,0,0.0,False,-7.56,0,False,False,0,False,False,0,False,10.93,25,False,0.0,0,False,4.1,0,False,False,0,False,1,25,False,False,0,False,2,75,False,False,0,False,0.99,0,False,0,0.0,False,0,0.0,False,2,25,False,84.3,0,False,0,0.0,False,False,0,False,0,0.0,False,6.74,25,False,14.08,50,False,0.0,0,False,2.14,0,False,1.1,25,False,1.65,25,False,12.790697674418604,False,True,Stretched debtors + rising provisions,Green,Critical
BORR-0145,Kala-Vaidya,JIPWVDHELJXOYKIXN734366,UCGOG7671X,Chemicals,Kolkata,Healthy,AA,195.54,235.07,161.78,36.93,72.97,52.64,25,False,0,0,False,3.11,0,False,0,0,False,0.0,0,False,4.27,0,False,4.79,0,False,3.22,50,False,3.85,0,False,-6.21,0,False,16.32,50,False,20.31,50,False,3.97,0,False,1.84,0,False,1.12,0,False,0,0,False,0,0,False,1,25.0,False,-5.47,0,False,False,0,False,False,0,False,1.59,0,False,2.12,0,False,0.0,0,False,False,0,False,2,50,False,False,0,False,0,0,False,False,0,False,6.43,25,False,0,0.0,False,0,0.0,False,2,25,False,82.44,0,False,0,0.0,False,False,0,False,0,0.0,False,9.79,25,False,3.09,0,False,0.0,0,False,2.04,0,False,1.37,25,False,1.81,25,False,8.720930232558139,False,False,,Green,Green
BORR-0146,Gara-Chad,EYQSAFGGLBHBOBLWG387286,LOQMU3029V,Logistics,Mumbai,Stressed,BB,60.62,396.16,72.78,169.17,47.1,71.45,50,False,3,75,False,4.35,0,False,0,0,False,41.84,75,False,21.58,75,False,-20.51,0,False,-2.95,50,False,32.35,75,False,14.43,25,False,25.87,50,False,46.77,75,False,31.61,0,False,27.6,50,False,7.31,25,False,1,25,False,0,0,False,0,0.0,False,-23.63,0,False,True,100,False,False,0,False,44.11,75,False,7.68,25,False,12.22,25,False,True,100,False,0,0,False,False,0,False,1,50,False,False,0,False,32.57,100,False,1,20.0,False,1,20.0,False,4,25,False,70.09,0,False,1,20.0,False,False,0,False,1,20.0,False,13.36,50,False,13.45,50,False,27.13,75,False,1.23,50,False,2.81,50,False,0.85,100,False,37.325581395348834,False,True,Stretched debtors + rising provisions,Yellow,Critical
BORR-0147,Varma-Nayak,LFIXWCJALMBFSYGHU336047,VGIUN9409A,Food Processing,Gurugram,Healthy,AA,14.76,52.62,13.5,23.92,74.02,54.83,25,False,0,0,False,6.95,25,False,0,0,False,8.94,25,False,9.82,25,False,-9.57,0,False,-2.95,50,False,3.1,0,False,15.53,50,False,14.35,25,False,9.23,25,False,17.17,0,False,0.0,0,False,12.44,50,False,0,0,False,0,0,False,0,0.0,False,-9.34,0,False,False,0,False,False,0,False,15.66,50,False,8.64,25,False,2.96,0,False,False,0,False,1,25,False,False,0,False,0,0,False,False,0,False,8.86,25,False,0,0.0,False,0,0.0,False,0,0,False,96.44,0,False,0,0.0,False,False,0,False,0,0.0,False,8.76,25,False,11.95,50,False,0.0,0,False,1.77,25,False,1.35,25,False,2.05,0,False,12.790697674418604,False,False,,Green,Green
BORR-0148,Keer Ltd,HITZJWWULINMLOIGO416822,VQTMS2676A,Manufacturing,Coimbatore,Watch,A-,19.26,50.0,21.72,9.82,84.97,66.37,25,False,1,25,False,4.0,0,False,1,50,False,15.47,50,False,13.84,50,False,-7.04,0,False,-3.52,50,False,21.68,50,False,11.51,25,False,5.34,25,False,14.46,25,False,15.99,0,False,25.1,50,False,11.12,50,False,2,25,False,1,25,False,0,0.0,False,-8.18,0,False,False,0,False,False,0,False,21.93,50,False,12.6,50,False,21.14,50,False,False,0,False,0,0,False,False,0,False,0,0,False,False,0,False,4.25,0,False,0,0.0,False,2,40.0,False,4,25,False,77.74,0,False,0,0.0,False,True,100,True,0,0.0,False,5.97,25,False,5.6,25,False,16.26,50,False,1.66,25,False,2.14,50,False,1.53,25,False,24.186046511627907,True,True,Stretched debtors + rising provisions,Yellow,Critical
BORR-0149,Kar-Issac,VDPCKIUKLIIUWUJGE642421,YHBZZ7620V,Logistics,Hyderabad,Stressed,BB,126.38,305.5,114.42,115.04,69.04,74.42,50,False,4,100,False,14.43,50,False,1,50,False,23.13,50,False,21.06,75,False,-28.18,0,False,-3.98,50,False,38.06,75,False,28.48,50,False,44.6,75,False,27.89,50,False,34.13,0,False,26.94,50,False,30.75,100,False,2,25,False,2,25,False,2,50.0,False,-16.29,0,False,False,0,False,False,0,False,32.59,75,False,17.59,50,False,23.83,50,False,True,100,False,0,0,False,False,0,False,0,0,False,False,0,False,16.78,50,False,4,80.0,False,0,0.0,False,4,25,False,60.03,0,False,3,60.0,False,False,0,False,1,20.0,False,20.26,75,False,28.9,75,False,11.76,50,False,0.95,100,True,3.17,75,False,0.97,100,False,44.41860465116279,True,True,Stretched debtors + rising provisions,Amber,Critical
BORR-0150,Bakshi Inc,MXBSWSGKLXWHVRUZP804505,LQJFV3967J,Renewable Energy,Delhi,Watch,BBB+,137.12,243.96,109.4,61.83,58.54,61.32,25,False,1,25,False,0.0,0,False,2,75,False,1.13,0,False,12.12,50,False,-20.48,0,False,-6.42,75,False,25.21,50,False,-3.58,0,False,12.81,25,False,14.9,25,False,11.22,0,False,19.14,50,False,7.42,25,False,2,25,False,0,0,False,2,50.0,False,-6.96,0,False,False,0,False,False,0,False,21.32,50,False,12.53,50,False,14.04,25,False,False,0,False,0,0,False,False,0,False,0,0,False,False,0,False,23.61,75,False,2,40.0,False,0,0.0,False,3,25,False,67.06,0,False,2,40.0,False,False,0,False,0,0.0,False,0.57,0,False,5.68,25,False,5.11,25,False,1.84,25,False,2.09,50,False,1.42,50,False,22.790697674418606,False,True,Stretched debtors + rising provisions,Yellow,Critical
BORR-0151,Soman PLC,KUCHLHXJLNZKLISJO992562,DPBUS2166P,Construction,Bengaluru,Watch,BBB,131.84,232.87,147.88,97.11,60.02,66.9,25,False,0,0,False,0.0,0,False,1,50,False,20.7,50,False,5.47,25,False,-7.98,0,False,-2.63,50,False,27.61,50,False,3.99,0,False,12.78,25,False,11.49,25,False,15.64,0,False,21.33,50,False,7.61,25,False,1,25,False,0,0,False,1,25.0,False,-10.57,0,False,False,0,False,False,0,False,23.46,50,False,6.85,25,False,4.97,0,False,False,0,False,1,25,False,False,0,False,0,0,False,False,0,False,5.61,25,False,2,40.0,False,1,20.0,False,3,25,False,71.11,0,False,0,0.0,False,False,0,False,0,0.0,False,0.0,0,False,9.68,25,False,8.71,25,False,1.41,50,False,1.97,25,False,1.69,25,False,18.25581395348837,False,True,Stretched debtors + rising provisions,Green,Critical
BORR-0152,Shah Group,EGKNSOEKLWFYCPKUF428638,UBAOI4430Y,Auto Components,Noida,Stressed,BBB-,148.17,256.33,119.94,75.51,43.43,80.14,50,False,2,50,False,8.13,25,False,1,50,False,17.91,50,False,12.8,50,False,-23.67,0,False,-5.13,75,False,35.14,75,False,29.97,50,False,23.39,50,False,14.07,25,False,16.65,0,False,22.8,50,False,12.16,50,False,1,25,False,1,25,False,0,0.0,False,-18.15,0,False,False,0,False,False,0,False,32.65,75,False,13.16,50,False,26.99,50,False,False,0,False,1,25,False,False,0,False,0,0,False,False,0,False,17.3,50,False,0,0.0,False,0,0.0,False,3,25,False,59.02,0,False,2,40.0,False,False,0,False,1,20.0,False,19.67,50,False,16.47,50,False,22.58,75,False,0.82,100,True,2.68,50,False,1.24,50,False,32.7906976744186,True,True,Stretched debtors + rising provisions,Yellow,Critical
BORR-0153,"Hayer, Rajagopalan and Talwar",UNMNPMABLRGXLAKYQ299834,AVAUX5076H,Food Processing,Vadodara,Watch,BBB+,49.32,91.83,57.04,38.84,78.85,66.02,25,False,0,0,False,19.49,50,False,0,0,False,17.77,50,False,15.6,50,False,-9.74,0,False,-4.61,50,False,23.41,50,False,17.56,50,False,5.79,25,False,24.27,50,False,23.98,0,False,27.82,50,False,12.0,50,False,0,0,False,1,25,False,0,0.0,False,-10.54,0,False,False,0,False,False,0,False,26.33,50,False,6.71,25,False,23.01,50,False,False,0,False,0,0,False,False,0,False,0,0,False,False,0,False,13.82,50,False,1,20.0,False,1,20.0,False,4,25,False,77.2,0,False,1,20.0,False,False,0,False,0,0.0,False,31.55,100,False,7.26,25,False,10.28,50,False,1.6,25,False,2.29,50,False,1.78,25,False,24.651162790697676,False,True,Stretched debtors + rising provisions,Yellow,Critical
BORR-0154,Kohli-Divan,JJOXQTQKLNVEKPLYG272892,ZMAHH3149G,Steel,Vadodara,Healthy,AAA,76.8,228.66,86.92,81.41,36.1,53.92,25,False,0,0,False,5.51,25,False,0,0,False,7.35,25,False,7.89,25,False,-1.28,0,False,1.88,25,False,16.79,50,False,-0.24,0,False,12.56,25,False,0.0,0,False,14.34,0,False,2.83,0,False,0.0,0,False,0,0,False,0,0,False,0,0.0,False,-11.52,0,False,True,100,False,False,0,False,16.83,50,False,7.7,25,False,4.46,0,False,False,0,False,1,25,False,False,0,False,0,0,False,False,0,False,8.23,25,False,0,0.0,False,0,0.0,False,0,0,False,79.51,0,False,1,20.0,False,False,0,False,2,40.0,False,11.64,50,False,12.01,50,False,3.86,0,False,2.24,0,False,1.39,25,False,2.06,0,False,14.186046511627907,False,False,,Green,Green
BORR-0155,"Ahluwalia, Chhabra and Sandal",IYRTBTBVLDUABWDNO498724,DRIPW3508G,Steel,Vadodara,Healthy,A,73.6,243.0,89.9,91.78,69.29,52.39,25,False,0,0,False,6.54,25,False,1,50,False,0.0,0,False,6.1,25,False,-0.98,0,False,-1.27,25,False,12.58,25,False,9.99,25,False,5.72,25,False,3.11,0,False,17.37,0,False,12.63,25,False,0.0,0,False,0,0,False,0,0,False,0,0.0,False,-2.65,0,False,False,0,False,False,0,False,7.56,25,False,5.23,25,False,5.48,25,False,False,0,False,0,0,False,False,0,False,1,50,False,False,0,False,0.0,0,False,1,20.0,False,0,0.0,False,0,0,False,73.08,0,False,1,20.0,False,False,0,False,0,0.0,False,0.0,0,False,2.48,0,False,1.95,0,False,1.62,25,False,1.97,25,False,1.64,25,False,11.395348837209303,False,True,Payment defaults + stretched creditors,Green,Critical
BORR-0156,Goda Ltd,WENDQXTDLJDZDPGTG915749,IQGLW7713J,Auto Components,Pune,Healthy,A+,45.38,88.73,48.54,33.88,36.97,52.79,25,False,1,25,False,2.7,0,False,1,50,False,0.0,0,False,0.95,0,False,-3.19,0,False,-2.77,50,False,8.38,25,False,10.7,25,False,13.7,25,False,0.0,0,False,27.47,0,False,15.67,50,False,6.49,25,False,0,0,False,0,0,False,0,0.0,False,-3.44,0,False,False,0,False,False,0,False,0.89,0,False,0.0,0,False,0.0,0,False,False,0,False,1,25,False,False,0,False,0,0,False,False,0,False,8.08,25,False,1,20.0,False,0,0.0,False,0,0,False,90.53,0,False,0,0.0,False,False,0,False,0,0.0,False,3.55,0,False,1.19,0,False,1.0,0,False,1.9,25,False,1.56,25,False,1.64,25,False,10.348837209302326,False,True,Payment defaults + stretched creditors,Green,Critical
BORR-0157,"Shetty, Bedi and Krish",VCDSVPECLYQCXXDIU342389,OJIOB2635F,Engineering,Gurugram,Healthy,AAA,604.73,1171.19,659.29,372.71,36.97,50.51,25,False,1,25,False,2.79,0,False,0,0,False,12.47,25,False,0.0,0,False,-13.2,0,False,-1.85,25,False,11.73,25,False,19.73,50,False,11.27,25,False,23.06,50,False,11.28,0,False,1.15,0,False,11.39,50,False,0,0,False,0,0,False,0,0.0,False,-4.18,0,False,False,0,False,False,0,False,8.44,25,False,5.5,25,False,13.75,25,False,False,0,False,1,25,False,False,0,False,0,0,False,False,0,False,1.81,0,False,0,0.0,False,0,0.0,False,0,0,False,79.65,0,False,0,0.0,False,False,0,False,0,0.0,False,0.0,0,False,6.93,25,False,10.14,50,False,2.02,0,False,1.25,25,False,1.89,25,False,12.209302325581396,False,True,Stretched debtors + rising provisions,Green,Critical
BORR-0158,Shan and Sons,AEVUFKLOLTIXCLKFD520245,MOIMW8835Z,Trading,Ahmedabad,Healthy,AAA,138.9,291.15,161.9,87.08,67.44,53.12,25,False,0,0,False,3.72,0,False,1,50,False,6.51,25,False,3.66,0,False,-3.28,0,False,-4.35,50,False,7.4,25,False,9.06,25,False,2.08,0,False,8.31,25,False,0.0,0,False,0.0,0,False,8.08,25,False,0,0,False,0,0,False,0,0.0,False,-1.38,0,False,False,0,False,False,0,False,5.49,25,False,2.81,0,False,11.0,25,False,False,0,False,0,0,False,False,0,False,0,0,False,False,0,False,11.98,50,False,0,0.0,False,0,0.0,False,4,25,False,88.89,0,False,0,0.0,False,False,0,False,0,0.0,False,15.62,50,False,0.0,0,False,5.46,25,False,1.9,25,False,1.66,25,False,2.0,0,False,11.627906976744185,False,True,Stretched debtors + rising provisions,Green,Critical
BORR-0159,Wali-Nadig,DNSPZSVOLFTMYLTAV979269,XEPPD7738O,Steel,Mumbai,Watch,A-,16.32,55.08,12.64,22.26,38.17,66.15,25,False,0,0,False,8.21,25,False,1,50,False,0.0,0,False,11.3,50,False,-3.16,0,False,-2.96,50,False,29.71,50,False,19.13,50,False,18.55,50,False,33.08,75,False,18.17,0,False,0.0,0,False,8.76,25,False,0,0,False,0,0,False,1,25.0,False,-2.76,0,False,False,0,False,False,0,False,15.78,50,False,16.92,50,False,26.11,50,False,False,0,False,0,0,False,False,0,False,1,50,False,False,0,False,5.23,25,False,1,20.0,False,3,60.0,False,4,25,False,66.41,0,False,0,0.0,False,False,0,False,0,0.0,False,1.31,0,False,4.23,0,False,13.99,50,False,1.57,25,False,2.0,25,False,1.75,25,False,21.627906976744185,False,True,Stretched debtors + rising provisions,Yellow,Critical
BORR-0160,Thaman-Sandhu,XSHVKQQWLWTDNVXHP462544,VVUME1894A,Manufacturing,Surat,Watch,BBB,236.97,349.52,200.18,135.36,81.72,58.67,25,False,1,25,False,0.0,0,False,2,75,False,0.0,0,False,13.54,50,False,-7.37,0,False,-2.8,50,False,15.66,50,False,14.17,25,False,17.26,50,False,40.89,75,False,36.89,0,False,18.9,50,False,0.0,0,False,1,25,False,2,25,False,0,0.0,False,-0.36,0,False,False,0,False,False,0,False,16.88,50,False,11.65,50,False,3.74,0,False,True,100,False,1,25,False,False,0,False,2,75,False,False,0,False,18.26,50,False,0,0.0,False,1,20.0,False,4,25,False,74.29,0,False,0,0.0,False,False,0,False,0,0.0,False,19.18,50,False,5.96,25,False,9.5,25,False,1.95,25,False,2.51,50,False,1.85,25,False,26.046511627906977,False,True,Stretched debtors + rising provisions,Yellow,Critical
BORR-0161,"Sehgal, Dutt and Soman",KHKIBQHRLUMMHCOOZ700870,OCPOK2944P,Food Processing,Vadodara,Healthy,AA-,37.87,68.4,45.22,31.07,67.67,51.09,25,False,0,0,False,9.15,25,False,0,0,False,0.0,0,False,13.36,50,False,-10.55,0,False,-1.45,25,False,-0.53,0,False,10.81,25,False,2.99,0,False,0.0,0,False,12.11,0,False,0.0,0,False,0.22,0,False,0,0,False,0,0,False,0,0.0,False,-14.28,0,False,False,0,False,False,0,False,8.13,25,False,9.01,25,False,4.0,0,False,False,0,False,0,0,False,False,0,False,0,0,False,False,0,False,5.2,25,False,0,0.0,False,0,0.0,False,0,0,False,87.0,0,False,1,20.0,False,False,0,False,0,0.0,False,2.02,0,False,0.68,0,False,3.11,0,False,2.03,0,False,2.0,25,False,1.76,25,False,6.8604651162790695,False,False,,Green,Green
BORR-0162,Lad-Kota,TUJQRGUVLOKLBHOKR904694,TTPWV6952W,Auto Components,Kolkata,Healthy,A+,82.84,398.25,68.3,136.28,40.7,54.81,25,False,0,0,False,7.64,25,False,0,0,False,0.0,0,False,4.6,0,False,-5.34,0,False,-1.8,25,False,-3.66,0,False,-4.74,0,False,12.69,25,False,9.65,25,False,5.56,0,False,12.43,25,False,7.26,25,False,0,0,False,0,0,False,0,0.0,False,-9.35,0,False,False,0,False,False,0,False,5.23,25,False,4.16,0,False,0.0,0,False,False,0,False,1,25,False,False,0,False,0,0,False,False,0,False,11.06,50,False,0,0.0,False,0,0.0,False,3,25,False,86.36,0,False,0,0.0,False,False,0,False,1,20.0,False,14.71,50,False,0.97,0,False,2.46,0,False,1.71,25,False,1.57,25,False,1.93,25,False,10.348837209302326,False,False,,Green,Green
BORR-0163,"Malhotra, Verma and Sundaram",RQLWDBFPLEWXXNDIT305438,GDMGO4122W,Engineering,Hyderabad,Watch,BBB+,97.58,577.43,87.38,158.39,40.39,55.75,25,False,1,25,False,4.72,0,False,0,0,False,6.71,25,False,13.23,50,False,-25.89,0,False,-4.57,50,False,15.37,50,False,13.93,25,False,27.53,50,False,38.82,75,False,1.24,0,False,0.0,0,False,12.69,50,False,1,25,False,0,0,False,0,0.0,False,-12.12,0,False,False,0,False,False,0,False,22.15,50,False,3.81,0,False,8.82,25,False,False,0,False,0,0,False,False,0,False,2,75,False,False,0,False,5.99,25,False,0,0.0,False,0,0.0,False,1,25,False,75.63,0,False,1,20.0,False,False,0,False,2,40.0,False,27.82,75,False,3.18,0,False,8.51,25,False,1.5,25,False,1.78,25,False,1.3,50,False,21.162790697674417,False,True,Stretched debtors + rising provisions,Yellow,Critical
BORR-0164,"Khare, Maharaj and Sarraf",OVSQEPAQLXBRNSPQY285810,WSFXE2696M,Renewable Energy,Surat,Healthy,AA-,61.74,79.78,52.06,28.41,65.03,59.2,25,False,1,25,False,0.0,0,False,0,0,False,17.43,50,False,2.85,0,False,1.14,0,False,0.39,25,False,21.99,50,False,1.29,0,False,-20.78,0,False,4.38,0,False,10.27,0,False,15.15,50,False,8.78,25,False,0,0,False,0,0,False,0,0.0,False,-13.91,0,False,False,0,False,False,0,False,2.39,0,False,4.11,0,False,0.0,0,False,False,0,False,0,0,False,False,0,False,0,0,False,False,0,False,0.86,0,False,0,0.0,False,1,20.0,False,2,25,False,87.52,0,False,0,0.0,False,False,0,False,0,0.0,False,3.28,0,False,0.0,0,False,3.07,0,False,2.17,0,False,1.84,25,False,1.98,25,False,8.023255813953488,False,True,Non-core repayment source + rising unsecured loans,Green,Critical
BORR-0165,Mangal and Sons,IMKJOZEELNTWXQJWR429159,WXRUG4291G,Infrastructure,Jaipur,Stressed,BBB-,356.16,475.03,322.47,140.86,70.72,68.53,25,False,2,50,False,18.42,50,False,1,50,False,33.59,75,False,8.34,25,False,-26.63,0,False,-8.41,100,False,22.64,50,False,12.74,25,False,38.78,75,False,26.41,50,False,31.8,0,False,28.18,50,False,21.53,75,False,2,25,False,2,25,False,1,25.0,False,-19.21,0,False,False,0,False,True,100,False,40.15,75,False,14.62,50,False,16.84,50,False,False,0,False,0,0,False,False,0,False,2,75,False,False,0,False,30.4,100,False,2,40.0,False,0,0.0,False,6,50,False,68.55,0,False,1,20.0,False,False,0,False,1,20.0,False,6.86,25,False,13.62,50,False,14.05,50,False,0.97,100,True,2.78,50,False,1.07,75,False,39.651162790697676,True,True,Stretched debtors + rising provisions,Critical,Critical
BORR-0166,Nayak-Nagarajan,QRWUKWDYLLRPSSVWN806995,XRJNZ1209Q,Renewable Energy,Delhi,Watch,A-,80.98,273.9,62.89,109.19,36.26,72.96,50,False,0,0,False,11.98,50,False,2,75,False,9.19,25,False,5.85,25,False,-12.59,0,False,-1.26,25,False,11.53,25,False,12.21,25,False,17.19,50,False,29.31,50,False,0.0,0,False,23.15,50,False,10.75,50,False,2,25,False,1,25,False,1,25.0,False,-6.56,0,False,False,0,False,False,0,False,22.63,50,False,19.22,50,False,0.0,0,False,False,0,False,1,25,False,False,0,False,1,50,False,False,0,False,11.42,50,False,1,20.0,False,1,20.0,False,1,25,False,72.1,0,False,1,20.0,False,False,0,False,0,0.0,False,16.26,50,False,4.09,0,False,20.78,75,False,1.92,25,False,1.58,25,False,1.48,50,False,25.813953488372093,False,True,Stretched debtors + rising provisions,Yellow,Critical
BORR-0167,"Buch, Devi and Dora",VIEBWZJGLYRBLODTV875414,RHXUR7371H,Renewable Energy,Coimbatore,Healthy,AA,90.5,412.43,75.87,100.4,74.22,41.07,0,False,2,50,False,0.0,0,False,1,50,False,0.0,0,False,7.78,25,False,-17.86,0,False,0.34,25,False,15.7,50,False,-5.7,0,False,8.63,25,False,22.71,50,False,4.32,0,False,14.74,25,False,0.0,0,False,0,0,False,0,0,False,0,0.0,False,1.74,0,False,False,0,False,True,100,False,16.68,50,False,6.99,25,False,2.17,0,False,False,0,False,0,0,False,False,0,False,0,0,False,False,0,False,6.48,25,False,0,0.0,False,0,0.0,False,1,25,False,89.28,0,False,0,0.0,False,False,0,False,0,0.0,False,0.0,0,False,8.66,25,False,13.59,50,False,2.14,0,False,2.07,50,False,1.92,25,False,15.69767441860465,False,True,Stretched debtors + rising provisions,Green,Critical
BORR-0168,Rajagopal Ltd,ZVKRBAXILGTYOHUWW779091,LYSRX4218Y,Chemicals,Vadodara,Watch,BBB+,677.19,1208.09,683.49,201.08,83.21,61.72,25,False,2,50,False,4.02,0,False,0,0,False,4.56,0,False,9.69,25,False,-23.7,0,False,-2.69,50,False,22.67,50,False,8.43,25,False,27.42,50,False,1.24,0,False,25.67,0,False,22.75,50,False,0.0,0,False,1,25,False,0,0,False,0,0.0,False,-9.85,0,False,False,0,False,False,0,False,20.36,50,False,8.51,25,False,11.27,25,False,False,0,False,0,0,False,False,0,False,1,50,False,False,0,False,11.85,50,False,0,0.0,False,1,20.0,False,4,25,False,64.59,0,False,1,20.0,False,False,0,False,1,20.0,False,16.06,50,False,12.48,50,False,7.84,25,False,1.6,25,False,1.96,25,False,1.37,50,False,20.0,False,False,,Yellow,Yellow
BORR-0169,Kala Inc,QDMBNIRILEFSIAKOW262325,BEKTB5934P,Textiles,Noida,Healthy,A,134.48,141.83,104.96,24.97,63.63,52.08,25,False,0,0,False,1.08,0,False,1,50,False,8.94,25,False,11.55,50,False,-5.02,0,False,-1.57,25,False,11.49,25,False,6.04,25,False,2.88,0,False,15.95,50,False,2.54,0,False,1.89,0,False,2.54,0,False,0,0,False,0,0,False,0,0.0,False,3.02,0,False,False,0,False,False,0,False,6.49,25,False,4.03,0,False,3.98,0,False,False,0,False,0,0,False,False,0,False,0,0,False,False,0,False,15.32,50,False,0,0.0,False,1,20.0,False,1,25,False,81.32,0,False,0,0.0,False,False,0,False,1,20.0,False,0.0,0,False,3.56,0,False,0.0,0,False,1.74,25,False,2.05,50,False,1.83,25,False,11.976744186046512,False,True,Stretched debtors + rising provisions,Green,Critical
BORR-0170,Reddy-Narayanan,CZQFNRRMLCLHGVKKL407835,GYTQP1144D,Trading,Surat,Healthy,A+,62.67,85.31,49.02,28.48,52.3,48.59,0,False,1,25,False,1.05,0,False,0,0,False,13.26,25,False,4.16,0,False,-0.27,0,False,1.55,25,False,9.63,25,False,14.75,25,False,-1.72,0,False,4.32,0,False,1.91,0,False,11.14,25,False,3.81,0,False,0,0,False,0,0,False,1,25.0,False,-14.08,0,False,False,0,False,False,0,False,19.61,50,False,2.58,0,False,0.0,0,False,False,0,False,0,0,False,False,0,False,3,100,True,False,0,False,18.8,50,False,1,20.0,False,1,20.0,False,3,25,False,81.12,0,False,1,20.0,False,False,0,False,0,0.0,False,8.61,25,False,12.45,50,False,0.0,0,False,2.21,0,False,2.16,50,False,1.78,25,False,14.186046511627907,True,True,Non-core repayment source + rising unsecured loans,Green,Critical
BORR-0171,"Shukla, Sagar and Bhatia",KMZDMIRXLJAQYLQZQ567200,PBJUG6248Q,Renewable Energy,Delhi,Healthy,A,49.38,74.48,38.6,27.36,82.41,46.05,0,False,1,25,False,0.97,0,False,0,0,False,0.0,0,False,0.0,0,False,-15.87,0,False,-4.52,50,False,22.96,50,False,21.73,50,False,-2.97,0,False,9.39,25,False,0.0,0,False,7.85,25,False,18.79,50,False,0,0,False,1,25,False,0,0.0,False,1.64,0,False,False,0,False,False,0,False,11.02,25,False,3.42,0,False,9.89,25,False,False,0,False,0,0,False,False,0,False,0,0,False,False,0,False,7.55,25,False,0,0.0,False,0,0.0,False,1,25,False,82.31,0,False,0,0.0,False,False,0,False,0,0.0,False,3.85,0,False,6.46,25,False,14.36,50,False,1.97,25,False,1.43,25,False,1.69,25,False,12.790697674418604,False,True,Stretched debtors + rising provisions,Green,Critical
BORR-0172,Salvi Group,UYGVNDGRLWXYNUCXV261223,AOWKB2433C,Trading,Mumbai,Healthy,A,31.56,80.17,37.9,12.23,43.9,51.38,25,False,1,25,False,7.84,25,False,0,0,False,15.44,50,False,8.6,25,False,8.24,0,False,-1.37,25,False,11.94,25,False,0.57,0,False,25.62,50,False,34.3,75,False,8.35,0,False,11.87,25,False,16.69,50,False,2,25,False,0,0,False,0,0.0,False,-1.58,0,False,False,0,False,False,0,False,-1.03,0,False,8.36,25,False,25.7,50,False,False,0,False,0,0,False,False,0,False,2,75,False,False,0,False,4.14,0,False,0,0.0,False,0,0.0,False,0,0,False,87.59,0,False,1,20.0,False,False,0,False,0,0.0,False,5.89,25,False,4.89,0,False,5.69,25,False,1.79,25,False,1.12,25,False,2.02,0,False,16.162790697674417,False,True,Stretched debtors + rising provisions,Green,Critical
BORR-0173,"Bahri, Rai and Sood",OUMNKAMVLDRAUXTCY882186,SBWCL9238D,Steel,Chennai,Healthy,AA-,77.2,167.82,83.07,38.54,74.34,57.95,25,False,1,25,False,8.36,25,False,1,50,False,0.0,0,False,3.85,0,False,-5.59,0,False,-1.33,25,False,-3.85,0,False,10.88,25,False,14.23,25,False,0.2,0,False,0.0,0,False,0.31,0,False,10.22,50,False,0,0,False,0,0,False,0,0.0,False,-6.73,0,False,False,0,False,False,0,False,14.11,25,False,11.18,50,False,0.0,0,False,False,0,False,0,0,False,False,0,False,0,0,False,False,0,False,0.0,0,False,0,0.0,False,0,0.0,False,1,25,False,78.61,0,False,0,0.0,False,True,100,True,0,0.0,False,15.83,50,False,8.18,25,False,5.01,25,False,1.88,25,False,1.52,25,False,1.91,25,False,14.534883720930232,True,True,Payment defaults + stretched creditors,Green,Critical
BORR-0174,Pandey LLC,APFRHEXMLZZRJUEJV933635,XULAR3316D,Steel,Mumbai,Healthy,A,80.56,254.97,81.31,120.94,35.25,56.04,25,False,0,0,False,1.18,0,False,0,0,False,17.89,50,False,19.72,50,False,0.57,0,False,3.54,50,False,17.91,50,False,7.18,25,False,8.41,25,False,9.04,25,False,0.0,0,False,8.18,25,False,15.58,50,False,1,25,False,0,0,False,0,0.0,False,-6.01,0,False,False,0,False,False,0,False,3.91,0,False,0.0,0,False,0.0,0,False,False,0,False,0,0,False,False,0,False,0,0,False,False,0,False,0.03,0,False,1,20.0,False,0,0.0,False,1,25,False,83.88,0,False,1,20.0,False,False,0,False,0,0.0,False,0.8,0,False,8.32,25,False,12.37,50,False,1.86,25,False,1.76,25,False,1.95,25,False,14.30232558139535,False,True,Stretched debtors + rising provisions,Green,Critical
BORR-0175,Saini-Yohannan,XLGNUQEFLFHTIGDFV938504,SBYRO2198J,Infrastructure,Surat,Healthy,A,103.53,239.05,114.39,42.98,38.37,61.14,25,False,0,0,False,0.65,0,False,0,0,False,9.08,25,False,5.29,25,False,-7.25,0,False,-5.02,75,False,10.51,25,False,21.03,50,False,9.71,25,False,17.11,50,False,13.26,0,False,11.97,25,False,13.49,50,False,0,0,False,0,0,False,1,25.0,False,-1.77,0,False,False,0,False,False,0,False,7.42,25,False,5.57,25,False,10.79,25,False,False,0,False,0,0,False,False,0,False,1,50,False,False,0,False,10.96,50,False,0,0.0,False,0,0.0,False,1,25,False,86.09,0,False,0,0.0,False,False,0,False,1,20.0,False,10.96,50,False,4.45,0,False,4.6,0,False,1.82,25,False,1.95,25,False,1.78,25,False,17.325581395348838,False,True,Stretched debtors + rising provisions,Green,Critical
BORR-0176,"Kannan, Sura and Kanda",UHDJTCGKLPOKTVJWS259797,SSLZK8017F,Construction,Mumbai,Healthy,A,202.16,414.55,206.59,200.24,50.66,56.0,25,False,0,0,False,6.36,25,False,0,0,False,0.0,0,False,10.26,50,False,-3.82,0,False,-1.65,25,False,9.95,25,False,23.56,50,False,-8.11,0,False,19.28,50,False,0.27,0,False,7.8,25,False,4.64,0,False,0,0,False,0,0,False,0,0.0,False,-1.18,0,False,False,0,False,False,0,False,0.17,0,False,0.0,0,False,3.62,0,False,False,0,False,0,0,False,False,0,False,0,0,False,False,0,False,0.0,0,False,0,0.0,False,0,0.0,False,2,25,False,84.06,0,False,0,0.0,False,False,0,False,0,0.0,False,0.0,0,False,8.15,25,False,16.78,50,False,2.53,0,False,1.48,25,False,1.95,25,False,9.883720930232558,False,True,Stretched debtors + rising provisions,Green,Critical
BORR-0177,Sarin-Sunder,VXKPOOLYLJPRDFUTC982683,IERGI2252X,Construction,Delhi,Watch,A-,133.06,183.64,109.06,55.58,79.61,53.6,25,False,2,50,False,14.51,50,False,1,50,False,17.76,50,False,11.04,50,False,-6.34,0,False,-4.64,50,False,7.57,25,False,3.8,0,False,22.38,50,False,7.68,25,False,8.06,0,False,21.38,50,False,10.61,50,False,0,0,False,0,0,False,0,0.0,False,-10.65,0,False,False,0,False,False,0,False,15.1,50,False,2.24,0,False,29.33,50,False,False,0,False,0,0,False,False,0,False,0,0,False,False,0,False,5.37,25,False,1,20.0,False,0,0.0,False,4,25,False,73.77,0,False,4,80.0,False,False,0,False,0,0.0,False,25.48,75,False,18.59,50,False,8.54,25,False,1.63,25,False,2.14,50,False,1.53,25,False,23.837209302325583,False,True,Stretched debtors + rising provisions,Yellow,Critical
BORR-0178,Ramachandran LLC,GBRIRRPULYELMHYSX998801,JEOQQ2483M,Renewable Energy,Hyderabad,Watch,BBB,131.18,775.52,130.84,274.27,60.11,60.94,25,False,0,0,False,11.13,50,False,2,75,False,1.02,0,False,7.68,25,False,-15.92,0,False,-4.01,50,False,15.76,50,False,3.78,0,False,10.0,25,False,13.05,25,False,33.84,0,False,0.0,0,False,11.15,50,False,1,25,False,1,25,False,0,0.0,False,-9.67,0,False,False,0,False,False,0,False,24.25,50,False,3.65,0,False,12.92,25,False,False,0,False,1,25,False,False,0,False,0,0,False,True,100,False,21.66,75,False,0,0.0,False,1,20.0,False,3,25,False,86.27,0,False,0,0.0,False,False,0,False,0,0.0,False,17.08,50,False,9.77,25,False,7.34,25,False,1.72,25,False,2.34,50,False,1.6,25,False,21.976744186046513,False,True,Stretched debtors + rising provisions,Yellow,Critical
BORR-0179,"Ravel, Gandhi and Sibal",EOFFSSVELXXPLBHYP343007,CILHB4387Q,Logistics,Noida,Watch,BBB,115.73,139.12,101.34,68.68,53.06,61.57,25,False,2,50,False,9.95,25,False,1,50,False,15.02,50,False,6.8,25,False,-14.2,0,False,-4.95,50,False,12.3,25,False,-4.71,0,False,8.11,25,False,15.61,50,False,20.59,0,False,15.6,50,False,18.46,50,False,2,25,False,1,25,False,0,0.0,False,-2.0,0,False,False,0,False,False,0,False,22.71,50,False,17.59,50,False,2.06,0,False,False,0,False,2,50,False,False,0,False,1,50,False,False,0,False,3.54,0,False,0,0.0,False,0,0.0,False,0,0,False,66.59,0,False,2,40.0,False,True,100,True,0,0.0,False,4.04,0,False,10.82,50,False,0.0,0,False,1.6,25,False,1.68,25,False,1.79,25,False,23.023255813953487,True,True,Stretched debtors + rising provisions,Yellow,Critical
BORR-0180,Walla Inc,WQUIXISRLSFMUMLSU976052,CQIMH9460M,Food Processing,Hyderabad,Healthy,AAA,2100.77,2752.24,1868.58,451.27,75.86,49.58,0,False,0,0,False,4.89,0,False,0,0,False,2.09,0,False,1.33,0,False,-14.29,0,False,-5.51,75,False,6.5,25,False,0.75,0,False,-5.43,0,False,24.37,50,False,14.09,0,False,7.72,25,False,16.73,50,False,0,0,False,0,0,False,0,0.0,False,-1.9,0,False,False,0,False,False,0,False,7.83,25,False,6.11,25,False,13.56,25,False,False,0,False,1,25,False,False,0,False,0,0,False,False,0,False,1.03,0,False,0,0.0,False,1,20.0,False,1,25,False,82.74,0,False,1,20.0,False,False,0,False,0,0.0,False,10.14,50,False,0.75,0,False,7.66,25,False,1.83,25,False,1.18,25,False,1.74,25,False,12.55813953488372,False,True,Stretched debtors + rising provisions,Green,Critical
BORR-0181,Bala-Chacko,OFHCQUIGLEFFLTWDV341535,NZKXD8889V,Trading,Kolkata,Healthy,AA+,156.44,338.89,148.86,122.5,58.95,50.62,25,False,0,0,False,2.76,0,False,0,0,False,0.18,0,False,3.04,0,False,6.04,0,False,-3.36,50,False,8.05,25,False,17.21,50,False,-4.5,0,False,14.42,25,False,1.23,0,False,2.95,0,False,0.48,0,False,0,0,False,0,0,False,1,25.0,False,-7.41,0,False,False,0,False,False,0,False,14.51,25,False,6.46,25,False,0.0,0,False,False,0,False,0,0,False,False,0,False,0,0,False,False,0,False,8.22,25,False,0,0.0,False,1,20.0,False,0,0,False,88.08,0,False,0,0.0,False,False,0,False,0,0.0,False,11.78,50,False,0.0,0,False,3.49,0,False,2.26,0,False,0.9,0,False,1.52,25,False,8.604651162790697,False,True,Stretched debtors + rising provisions,Green,Critical
BORR-0182,"Sangha, Deshmukh and Shenoy",SFEUQBSELBFIFQMTS768595,AXXVJ2404G,Renewable Energy,Kolkata,Healthy,A+,41.08,76.93,50.0,12.14,65.33,52.95,25,False,0,0,False,4.09,0,False,0,0,False,18.6,50,False,0.01,0,False,-11.91,0,False,1.01,25,False,3.67,0,False,4.74,0,False,9.86,25,False,23.04,50,False,5.33,0,False,23.2,50,False,0.0,0,False,0,0,False,1,25,False,1,25.0,False,-0.25,0,False,False,0,False,False,0,False,4.38,0,False,1.14,0,False,15.88,50,False,False,0,False,0,0,False,False,0,False,0,0,False,False,0,False,0.0,0,False,0,0.0,False,0,0.0,False,1,25,False,79.84,0,False,0,0.0,False,False,0,False,0,0.0,False,0.0,0,False,4.97,0,False,0.93,0,False,1.87,25,False,1.73,25,False,1.95,25,False,9.883720930232558,False,True,Non-core repayment source + rising unsecured loans,Green,Critical
BORR-0183,Bedi LLC,YFTVQIFXLVKOTSCHM504186,EDAGQ9263V,Food Processing,Ahmedabad,Healthy,A+,17.25,62.12,15.68,27.37,76.33,61.49,25,False,1,25,False,1.42,0,False,2,75,False,5.2,25,False,4.02,0,False,-1.63,0,False,-2.39,50,False,18.69,50,False,3.97,0,False,10.95,25,False,27.7,50,False,17.28,0,False,0.0,0,False,9.84,25,False,0,0,False,0,0,False,0,0.0,False,0.5,0,False,False,0,False,False,0,False,8.02,25,False,6.73,25,False,7.35,25,False,False,0,False,1,25,False,False,0,False,0,0,False,False,0,False,0.0,0,False,0,0.0,False,1,20.0,False,2,25,False,82.01,0,False,0,0.0,False,False,0,False,2,40.0,False,9.0,25,False,1.43,0,False,13.12,50,False,1.92,25,False,1.08,25,False,1.81,25,False,15.930232558139535,False,True,Stretched debtors + rising provisions,Green,Critical
BORR-0184,Narang-Kakar,QYDCPVETLRAYVUNQN488368,BWQNH8899Z,Textiles,Noida,Watch,BBB,104.82,293.67,127.9,107.24,54.06,69.69,25,False,2,50,False,0.0,0,False,0,0,False,25.84,50,False,10.86,50,False,-9.33,0,False,0.29,25,False,17.7,50,False,9.02,25,False,14.01,25,False,20.97,50,False,0.62,0,False,43.1,75,False,16.4,50,False,2,25,False,2,25,False,0,0.0,False,-5.54,0,False,False,0,False,False,0,False,30.42,75,False,11.41,50,False,19.7,50,False,False,0,False,2,50,False,False,0,False,0,0,False,False,0,False,7.42,25,False,3,60.0,False,0,0.0,False,4,25,False,77.77,0,False,0,0.0,False,False,0,False,0,0.0,False,11.59,50,False,16.29,50,False,20.37,75,False,1.72,25,False,1.76,25,False,1.88,25,False,25.813953488372093,False,True,Stretched debtors + rising provisions,Yellow,Critical
BORR-0185,Narain-Nazareth,EIPYHCJTLRNIGAWXZ107459,SQDQA7144U,Construction,Bengaluru,Healthy,AA-,109.58,144.97,100.71,64.22,69.39,56.6,25,False,3,75,False,0.0,0,False,0,0,False,5.26,25,False,0.3,0,False,-7.2,0,False,0.83,25,False,7.61,25,False,26.1,50,False,7.55,25,False,10.25,25,False,9.18,0,False,1.62,0,False,6.07,25,False,0,0,False,0,0,False,0,0.0,False,1.89,0,False,False,0,False,False,0,False,9.97,25,False,3.04,0,False,13.15,25,False,False,0,False,1,25,False,False,0,False,0,0,False,False,0,False,5.98,25,False,0,0.0,False,0,0.0,False,1,25,False,83.97,0,False,0,0.0,False,False,0,False,0,0.0,False,0.0,0,False,1.02,0,False,6.95,25,False,1.94,25,False,1.28,25,False,1.9,25,False,12.209302325581396,False,True,Stretched debtors + rising provisions,Green,Critical
BORR-0186,Mall-Sama,RNSLTIVMLYGNRZRPF488196,RRPIJ6641Y,Pharmaceuticals,Vadodara,Healthy,AA,86.54,370.18,79.2,110.73,54.91,61.12,25,False,0,0,False,0.0,0,False,1,50,False,15.69,50,False,8.61,25,False,-2.26,0,False,-2.25,50,False,10.77,25,False,13.64,25,False,-1.89,0,False,21.7,50,False,16.4,0,False,10.93,25,False,2.47,0,False,0,0,False,1,25,False,0,0.0,False,-8.83,0,False,False,0,False,False,0,False,7.16,25,False,8.1,25,False,8.36,25,False,False,0,False,0,0,False,False,0,False,1,50,False,False,0,False,9.76,25,False,0,0.0,False,0,0.0,False,2,25,False,81.9,0,False,0,0.0,False,False,0,False,0,0.0,False,0.0,0,False,2.5,0,False,7.5,25,False,2.17,0,False,1.64,25,False,2.18,0,False,13.372093023255815,False,True,Stretched debtors + rising provisions,Green,Critical
BORR-0187,Bumb-Singhal,FDGQMZKZLRTWVWBFM766764,AZCEP8133C,Logistics,Delhi,Healthy,A,162.45,290.98,158.75,119.8,48.15,51.91,25,False,3,75,False,0.0,0,False,0,0,False,1.56,0,False,3.37,0,False,9.52,0,False,-1.82,25,False,9.63,25,False,9.58,25,False,-2.01,0,False,0.0,0,False,0.0,0,False,0.0,0,False,0.0,0,False,0,0,False,0,0,False,0,0.0,False,-1.03,0,False,False,0,False,False,0,False,5.57,25,False,1.44,0,False,17.05,50,False,False,0,False,1,25,False,False,0,False,0,0,False,False,0,False,0.79,0,False,0,0.0,False,0,0.0,False,1,25,False,97.37,0,False,0,0.0,False,False,0,False,0,0.0,False,3.84,0,False,2.09,0,False,8.24,25,False,1.71,25,False,1.38,25,False,2.03,0,False,8.720930232558139,False,False,,Green,Green
BORR-0188,Zacharia Inc,UQJWTBYFLUPOAGVZQ399899,GBZTQ9451W,Power,Bengaluru,Healthy,A+,37.6,168.54,29.1,47.95,65.76,52.21,25,False,1,25,False,8.85,25,False,0,0,False,0.0,0,False,0.0,0,False,-0.09,0,False,-1.62,25,False,17.32,50,False,2.59,0,False,-10.08,0,False,7.15,25,False,9.65,0,False,6.68,25,False,10.81,50,False,0,0,False,0,0,False,0,0.0,False,-1.81,0,False,False,0,False,False,0,False,3.13,0,False,9.56,25,False,6.97,25,False,False,0,False,0,0,False,False,0,False,0,0,False,False,0,False,10.58,50,False,1,20.0,False,1,20.0,False,1,25,False,87.17,0,False,0,0.0,False,False,0,False,0,0.0,False,4.44,0,False,2.71,0,False,1.44,0,False,2.07,0,False,1.84,25,False,2.01,0,False,10.232558139534884,False,True,Stretched debtors + rising provisions,Green,Critical
BORR-0189,Kapur-Biswas,YMLVMMSGLQAXWCCRJ861411,RSLLI4707T,Pharmaceuticals,Bengaluru,Watch,BBB+,20.05,77.73,22.82,11.67,57.74,56.22,25,False,1,25,False,13.45,50,False,1,50,False,17.0,50,False,1.58,0,False,-6.24,0,False,-0.11,25,False,14.35,25,False,23.13,50,False,12.48,25,False,30.12,75,False,0.0,0,False,40.19,75,False,23.72,75,False,1,25,False,0,0,False,0,0.0,False,-10.17,0,False,False,0,False,False,0,False,13.78,25,False,10.22,50,False,16.59,50,False,False,0,False,2,50,False,False,0,False,3,100,True,False,0,False,4.87,0,False,0,0.0,False,1,20.0,False,2,25,False,74.55,0,False,1,20.0,False,False,0,False,1,20.0,False,14.93,50,False,16.52,50,False,15.64,50,False,1.97,25,False,1.91,25,False,1.51,25,False,26.976744186046513,True,True,Stretched debtors + rising provisions,Yellow,Critical
BORR-0190,"Baria, Balasubramanian and Kota",QJKDZQIRLZSIWOMSP907369,HYKYO8548S,Manufacturing,Gurugram,Healthy,AAA,13.08,50.0,15.33,14.62,36.37,49.01,0,False,0,0,False,8.15,25,False,1,50,False,3.92,0,False,12.99,50,False,0.01,0,False,-2.51,50,False,2.67,0,False,5.89,25,False,8.57,25,False,0.0,0,False,14.58,0,False,8.86,25,False,0.0,0,False,0,0,False,0,0,False,0,0.0,False,-8.32,0,False,False,0,False,False,0,False,8.91,25,False,0.01,0,False,9.16,25,False,False,0,False,1,25,False,False,0,False,0,0,False,False,0,False,7.78,25,False,0,0.0,False,1,20.0,False,4,25,False,86.15,0,False,0,0.0,False,False,0,False,0,0.0,False,8.95,25,False,0.82,0,False,16.08,50,False,2.39,0,False,1.44,25,False,1.76,25,False,12.093023255813954,False,True,Payment defaults + stretched creditors,Green,Critical
BORR-0191,Bahri PLC,HZKNLQRALWIHJCMVX960959,KCRFP6142L,Steel,Bengaluru,Healthy,A,40.08,115.99,44.03,49.41,79.72,51.64,25,False,0,0,False,6.57,25,False,1,50,False,17.33,50,False,5.31,25,False,1.74,0,False,-1.7,25,False,0.34,0,False,-2.33,0,False,-5.53,0,False,3.98,0,False,10.98,0,False,5.92,25,False,7.98,25,False,0,0,False,0,0,False,0,0.0,False,2.42,0,False,False,0,False,False,0,False,-0.06,0,False,0.0,0,False,0.0,0,False,True,100,False,0,0,False,False,0,False,0,0,False,False,0,False,4.89,0,False,0,0.0,False,0,0.0,False,0,0,False,92.88,0,False,0,0.0,False,False,0,False,0,0.0,False,0.0,0,False,0.0,0,False,1.9,0,False,2.27,0,False,1.06,25,False,2.01,0,False,8.720930232558139,False,True,Non-core repayment source + rising unsecured loans,Green,Critical
BORR-0192,Khare and Sons,HXHIGHGHLTLEYDDCV795650,PTAYR1692P,Construction,Hyderabad,Healthy,AA+,250.8,426.84,238.97,199.96,66.03,52.41,25,False,1,25,False,4.71,0,False,0,0,False,0.0,0,False,9.77,25,False,1.02,0,False,-2.46,50,False,1.1,0,False,-5.09,0,False,6.67,25,False,0.0,0,False,0.0,0,False,3.76,0,False,2.83,0,False,1,25,False,0,0,False,0,0.0,False,-2.83,0,False,False,0,False,False,0,False,4.04,0,False,4.53,0,False,8.63,25,False,False,0,False,0,0,False,False,0,False,0,0,False,False,0,False,0.24,0,False,0,0.0,False,0,0.0,False,1,25,False,83.7,0,False,0,0.0,False,False,0,False,0,0.0,False,13.61,50,False,8.37,25,False,1.89,0,False,1.82,25,False,0.83,0,False,1.86,25,False,8.13953488372093,False,False,,Green,Green
BORR-0193,Contractor-Kamdar,IMHYSEBQLZNPRBQLM819678,YFODW9490O,Power,Hyderabad,Healthy,A+,194.77,224.55,150.73,72.26,69.46,52.09,25,False,1,25,False,8.68,25,False,1,50,False,2.62,0,False,8.89,25,False,-14.71,0,False,-0.73,25,False,-9.13,0,False,3.11,0,False,9.52,25,False,2.99,0,False,0.0,0,False,16.46,50,False,5.72,25,False,1,25,False,0,0,False,0,0.0,False,-6.2,0,False,False,0,False,False,0,False,14.77,25,False,9.81,25,False,10.77,25,False,False,0,False,1,25,False,False,0,False,0,0,False,False,0,False,6.79,25,False,0,0.0,False,0,0.0,False,1,25,False,85.03,0,False,0,0.0,False,False,0,False,1,20.0,False,6.12,25,False,10.53,50,False,8.34,25,False,1.78,25,False,0.87,0,False,1.57,25,False,14.418604651162791,False,True,Payment defaults + stretched creditors,Green,Critical
BORR-0194,Kunda-Pillay,FRIHIPTKLLFPNGNWY490394,LMIOF3148S,Engineering,Surat,Healthy,AA,19.32,52.16,19.7,9.66,46.43,46.16,0,False,2,50,False,2.14,0,False,0,0,False,0.0,0,False,0.0,0,False,-2.13,0,False,-1.66,25,False,6.83,25,False,14.37,25,False,-3.44,0,False,14.73,25,False,8.13,0,False,4.67,0,False,13.14,50,False,0,0,False,2,25,False,0,0.0,False,-1.41,0,False,False,0,False,False,0,False,10.29,25,False,5.4,25,False,6.14,25,False,False,0,False,0,0,False,False,0,False,1,50,False,False,0,False,7.51,25,False,0,0.0,False,0,0.0,False,1,25,False,92.41,0,False,0,0.0,False,False,0,False,0,0.0,False,1.77,0,False,1.33,0,False,0.0,0,False,1.88,25,False,1.78,25,False,1.83,25,False,11.046511627906977,False,True,Stretched debtors + rising provisions,Green,Critical
BORR-0195,Contractor and Sons,EZXEPZAFLNPEUQRXK923481,PJIRS1781M,Chemicals,Delhi,Healthy,AA+,167.43,215.55,136.32,74.23,69.53,55.64,25,False,0,0,False,11.32,50,False,0,0,False,11.34,25,False,2.28,0,False,-8.03,0,False,-4.24,50,False,14.16,25,False,2.16,0,False,7.46,25,False,0.0,0,False,12.06,0,False,0.38,0,False,5.44,25,False,0,0,False,1,25,False,0,0.0,False,0.64,0,False,False,0,False,False,0,False,17.73,50,False,7.61,25,False,1.85,0,False,False,0,False,1,25,False,False,0,False,0,0,False,False,0,False,5.04,25,False,0,0.0,False,3,60.0,False,0,0,False,89.06,0,False,0,0.0,False,False,0,False,0,0.0,False,3.23,0,False,0.0,0,False,13.74,50,False,1.98,25,False,1.73,25,False,1.85,25,False,13.023255813953488,False,False,,Green,Green
BORR-0196,Chokshi-Bal,KILLRRZILLANDLVTG704875,SUURF5663L,Logistics,Hyderabad,Healthy,A,68.39,266.48,80.63,118.22,68.66,52.46,25,False,0,0,False,3.27,0,False,1,50,False,0.0,0,False,8.41,25,False,2.13,0,False,0.01,25,False,3.47,0,False,4.68,0,False,6.73,25,False,10.85,25,False,16.98,0,False,14.44,25,False,22.08,75,False,0,0,False,1,25,False,0,0.0,False,-22.93,0,False,False,0,False,False,0,False,15.18,50,False,1.3,0,False,1.49,0,False,False,0,False,0,0,False,False,0,False,0,0,False,False,0,False,9.58,25,False,0,0.0,False,0,0.0,False,2,25,False,75.45,0,False,0,0.0,False,False,0,False,2,40.0,False,5.34,25,False,1.06,0,False,0.0,0,False,2.03,0,False,2.1,50,False,1.67,25,False,12.55813953488372,False,True,Payment defaults + stretched creditors,Green,Critical
BORR-0197,Prashad-Ranganathan,UEFUZKNULTSMCCFKH428709,KUJWI7479I,Construction,Kolkata,Healthy,AA-,34.67,74.9,31.32,13.29,74.05,58.0,25,False,1,25,False,0.0,0,False,1,50,False,5.02,25,False,6.24,25,False,-2.9,0,False,-2.55,50,False,13.91,25,False,4.76,0,False,-5.11,0,False,0.0,0,False,0.0,0,False,8.52,25,False,16.28,50,False,1,25,False,1,25,False,0,0.0,False,-8.99,0,False,False,0,False,False,0,False,17.08,50,False,0.0,0,False,9.1,25,False,False,0,False,0,0,False,False,0,False,2,75,False,False,0,False,5.69,25,False,1,20.0,False,0,0.0,False,1,25,False,86.83,0,False,0,0.0,False,False,0,False,2,40.0,False,31.99,100,False,0.0,0,False,0.0,0,False,2.21,0,False,1.29,25,False,2.23,0,False,17.093023255813954,False,True,Non-core repayment source + rising unsecured loans,Green,Critical
BORR-0198,"Issac, Borra and Kibe",AEXHVIXWLXCGFMDDC596171,RBAYM9584Y,Construction,Delhi,Stressed,BBB-,106.89,211.39,106.15,103.15,40.2,81.84,50,False,2,50,False,10.41,50,False,1,50,False,39.79,75,False,3.92,0,False,-20.87,0,False,-3.53,50,False,20.71,50,False,16.74,50,False,32.34,75,False,16.04,50,False,35.01,0,False,22.68,50,False,18.59,50,False,1,25,False,2,25,False,0,0.0,False,-20.57,0,False,False,0,False,True,100,False,44.68,75,False,12.42,50,False,32.81,75,False,True,100,False,1,25,False,False,0,False,1,50,False,True,100,False,19.2,50,False,1,20.0,False,2,40.0,False,10,50,False,55.63,0,False,1,20.0,False,False,0,False,3,60.0,False,10.82,50,False,24.56,75,False,14.24,50,False,1.17,75,False,2.68,50,False,1.69,25,False,42.7906976744186,False,True,Stretched debtors + rising provisions,Amber,Critical
BORR-0199,Mitra Ltd,XJOUEEQFLABVLKPOR385647,ROEWR3900S,Steel,Jaipur,Watch,A-,99.58,192.14,104.31,88.37,57.83,63.71,25,False,3,75,False,2.75,0,False,2,75,False,12.28,25,False,3.06,0,False,-0.4,0,False,-6.54,75,False,27.9,50,False,16.3,50,False,6.25,25,False,19.8,50,False,11.5,0,False,24.08,50,False,18.41,50,False,0,0,False,2,25,False,1,25.0,False,-6.44,0,False,False,0,False,False,0,False,24.62,50,False,6.7,25,False,10.96,25,False,False,0,False,1,25,False,False,0,False,1,50,False,False,0,False,18.34,50,False,0,0.0,False,0,0.0,False,4,25,False,66.71,0,False,2,40.0,False,False,0,False,1,20.0,False,8.32,25,False,2.05,0,False,10.01,50,False,1.8,25,False,1.72,25,False,1.59,25,False,24.651162790697676,False,True,Stretched debtors + rising provisions,Yellow,Critical
BORR-0200,"Dara, Barman and Palan",PRHZCOJLLNIEJAAQY989136,ELJPR1136W,Power,Kolkata,Watch,BBB+,25.35,57.8,23.76,21.61,82.35,66.5,25,False,0,0,False,11.39,50,False,2,75,False,17.33,50,False,6.05,25,False,-7.61,0,False,-5.13,75,False,2.94,0,False,18.5,50,False,14.16,25,False,13.71,25,False,5.93,0,False,24.27,50,False,1.19,0,False,3,50,False,1,25,False,0,0.0,False,-0.6,0,False,False,0,False,False,0,False,22.85,50,False,5.05,25,False,4.1,0,False,True,100,False,0,0,False,False,0,False,1,50,False,False,0,False,15.82,50,False,0,0.0,False,2,40.0,False,2,25,False,78.38,0,False,4,80.0,False,False,0,False,2,40.0,False,17.19,50,False,8.15,25,False,19.2,50,False,1.2,50,False,2.67,50,False,1.36,50,False,29.302325581395348,False,True,Non-core repayment source + rising unsecured loans,Yellow,Critical
